protocol_id,task,model,seed,regime,regime_n,ramp_q33,ramp_q67,test_rmse,test_mae,test_smape,rmse_h1,mae_h1,smape_h1,rmse_h2,mae_h2,smape_h2,rmse_h4,mae_h4,smape_h4,rmse_h8,mae_h8,smape_h8,rmse_h24,mae_h24,smape_h24,picp95,mpiw95
SpikeLoRA-TS-R2-corrected-v1,SR,mlp,0,low,7008,120.00001525878906,530.0,26.525174814740367,16.67161227404799,191.23593192267856,28.614041565659353,22.90278487336146,188.01891840178337,26.53916157199168,21.304562180009608,192.58420552538743,21.225339271536317,14.359139235596679,197.12795902077914,16.824559125476824,11.471021582546843,197.75856807224216,35.51412685310785,13.320553498725369,180.69000859320056,0.8252853881278539,214.620361328125
SpikeLoRA-TS-R2-corrected-v1,SR,mlp,0,medium,7005,120.00001525878906,530.0,70.8437494217877,41.54637365260863,77.34145197979682,57.54949031245074,34.08158856976637,69.48848673069334,61.786242865518375,37.465984180567524,70.03146516291747,66.0597981118504,38.726046023208866,75.76136057047198,74.46085149341377,44.03595111528352,95.29279789614378,89.75736842356116,53.422298374216865,76.13314953875751,0.9116345467523198,316.4962463378906
SpikeLoRA-TS-R2-corrected-v1,SR,mlp,0,high,6988,120.00001525878906,530.0,55.317537831534956,34.852536228444144,62.783166042635926,49.09123767302079,32.263714075770864,72.27300566676442,47.209977654312596,26.081726185580834,64.80660190236331,54.130400841218496,30.694360515766984,55.099573701121585,62.20155600844322,40.08534314199796,35.676355730533835,62.14728061005011,45.137537223104076,86.06029321239652,0.9227246708643388,324.3698425292969
SpikeLoRA-TS-R2-corrected-v1,SR,mlp,1,low,7008,120.00001525878906,530.0,30.04229540960201,22.507064946274777,191.71298324764643,26.116969117333255,22.62774849046855,189.3168458828786,22.102582066450694,17.84772624599335,191.89900590169862,27.004624416889644,23.67957036244815,196.98272505769992,23.225176322267984,18.343908147724797,197.83319084812766,45.534808689741226,30.03637148473905,182.5331485478273,0.8255993150684932,189.82711791992188
SpikeLoRA-TS-R2-corrected-v1,SR,mlp,1,medium,7005,120.00001525878906,530.0,72.62556348325273,39.79735771968822,78.66744488449778,53.47760870740141,30.66252479525994,70.05934209905351,58.83757145506012,33.294089216712884,71.01612083120256,64.83552287085531,34.58556786373119,76.91237678553709,74.95961814516822,42.29767604830604,100.12733426889906,101.13386440803096,58.14693067443107,75.22205043779675,0.908865096359743,311.5412292480469
SpikeLoRA-TS-R2-corrected-v1,SR,mlp,1,high,6988,120.00001525878906,530.0,56.72156190682884,34.250693367847255,60.259192155000676,48.031782013853466,28.84820873804207,68.13041943465467,45.30015390276293,23.296750049558312,62.252492118617994,55.12380501984226,30.862654978026644,54.2599838160302,66.83472182558039,42.522664329428366,39.33160756182429,64.97698036491417,45.723188744180874,77.32145784387626,0.9190612478534631,333.341552734375
SpikeLoRA-TS-R2-corrected-v1,SR,mlp,2,low,7008,120.00001525878906,530.0,24.059584387230938,12.863817606886773,190.89816957049018,18.714024853728514,10.074421649654163,186.46764314400315,18.805123099302797,11.055476803757829,192.20355961046448,19.289617501789692,12.728788864667013,196.93250188624657,17.93032241229604,11.878123092869101,197.9522121137309,38.68959573646766,18.58227762348576,180.93493109800582,0.8255993150684932,200.17262268066406
SpikeLoRA-TS-R2-corrected-v1,SR,mlp,2,medium,7005,120.00001525878906,530.0,74.83468877877732,46.18706057388556,80.19159557065079,64.9722019382086,45.58560845145662,73.90349739584822,69.22915697118087,47.55145996442273,75.20094741258254,70.29857117835772,44.181180995638925,81.53905935731015,78.63869326826644,46.8795408348285,96.37877399883301,88.66316503928459,46.73751262308103,73.93569968867999,0.9086081370449679,320.3242492675781
SpikeLoRA-TS-R2-corrected-v1,SR,mlp,2,high,6988,120.00001525878906,530.0,58.44404094472973,36.54623680573296,61.03927428487971,50.284551191526326,31.171555751108347,70.11744539861492,55.12488982400883,35.66413225851949,66.26981547804573,59.42620430585152,36.063493050639124,56.176623959393645,69.27304597272214,46.22673032921112,37.534393581744865,56.40045555280737,33.60527263918671,75.09809300659938,0.9180595306239268,342.4735412597656
SpikeLoRA-TS-R2-corrected-v1,SR,lstm,0,low,7008,120.00001525878906,530.0,20.561873098510226,8.808171263568477,190.26786216686037,12.2443578346418,8.002929391381947,184.97109379035527,13.80076365406336,8.266311630266442,190.3530495895105,14.647024198790245,6.987377866762414,196.6224518503336,16.14255294468293,7.758984861852916,197.79316629602758,36.03401749633649,13.025252567578669,181.59954930807484,0.8264840182648402,200.32984924316406
SpikeLoRA-TS-R2-corrected-v1,SR,lstm,0,medium,7005,120.00001525878906,530.0,68.4349379962835,34.46554442880155,75.86308079658014,47.46242287343849,24.481262798431853,67.43331883717404,54.857054713594536,28.706647634676404,68.09044116132534,62.98182901044712,32.78761760812415,73.39048667139109,71.34275572964951,36.09518226770568,93.59001710471954,95.38462179673823,50.257011835069676,76.81114020829071,0.9119486081370449,320.3971862792969
SpikeLoRA-TS-R2-corrected-v1,SR,lstm,0,high,6988,120.00001525878906,530.0,49.8908441738186,24.218761884299564,58.14946295958174,38.6853454332831,16.18281639898308,66.44768654171061,43.090352648284465,18.80455639189014,62.0117341244535,51.796820128328,24.96311244189432,52.70921765501919,59.817053489852036,30.770473547915287,33.35347597155807,53.208615426649736,30.37285064081499,76.22520050516728,0.9217229536348025,338.98272705078125
SpikeLoRA-TS-R2-corrected-v1,SR,lstm,1,low,7008,120.00001525878906,530.0,21.681251410648073,8.305163386096693,191.23321299719166,13.780571709381375,6.684315457191642,186.46668952536479,15.176066077938595,6.664866710906704,192.14499909905558,14.411685737612187,4.208939524001726,196.8214499942011,15.487911465517913,5.583658156329638,198.02305522193956,38.50446841674183,18.384037082053755,182.70987114539733,0.8260559360730594,202.188720703125
SpikeLoRA-TS-R2-corrected-v1,SR,lstm,1,medium,7005,120.00001525878906,530.0,68.91427291694868,39.07806794868377,78.23907159758427,55.172854062868694,35.75544352670978,69.64854278275958,58.35118536454407,34.38115160967264,71.01093481171141,64.06054620880896,36.30275238712373,77.56868396275397,70.36040278170769,38.17389710757836,96.52823622123842,90.78898908619567,50.777095112334315,76.43896020945792,0.9121770164168451,315.6593933105469
SpikeLoRA-TS-R2-corrected-v1,SR,lstm,1,high,6988,120.00001525878906,530.0,58.4142718663452,36.33731268722805,59.52892117302775,55.88249647893757,36.91665716668027,68.50389591326187,52.59052489323219,31.535707893000374,63.14934446615934,61.54835832227705,37.596766000757505,54.338920454356256,67.57967948036672,44.54924009811148,36.136488558468095,53.078296659517875,31.088192277590615,75.51595647289317,0.9212364052661706,328.28076171875
SpikeLoRA-TS-R2-corrected-v1,SR,lstm,2,low,7008,120.00001525878906,530.0,17.161251426564625,6.114977079548248,191.10464367976348,11.260359766716316,5.998212670626706,184.63185004110673,11.02634307620953,2.9792529350002064,190.05173601551792,12.303048514674513,3.0432190633799934,196.5161861762378,12.56260674382112,5.48968044481321,197.6907898098392,30.24868125992174,13.064520283921125,186.6326563561158,0.8266837899543379,200.8766632080078
SpikeLoRA-TS-R2-corrected-v1,SR,lstm,2,medium,7005,120.00001525878906,530.0,65.81833384583983,32.75334363503085,76.49071462441157,46.20074323541253,22.224298841760977,66.50095717870647,53.83094341257711,25.576857204832066,67.80059179199652,61.319103043016725,29.039358615262607,73.82563603679193,70.79854163567654,35.36788881616368,95.90768492967042,88.63137317722658,51.55831469713493,78.41870318489248,0.9140328336902213,314.84326171875
SpikeLoRA-TS-R2-corrected-v1,SR,lstm,2,high,6988,120.00001525878906,530.0,52.302553515232255,27.289874903652144,58.714732927763855,40.49584841838134,19.88997328834119,66.15939467029312,44.16512398175927,20.426277106055274,61.0576629811049,51.47290980666039,24.89623274363718,53.127911815269044,59.347135733808955,34.88643969408635,35.37821673402755,62.576118782233884,36.35045168614074,77.85047843812465,0.9207784773898111,331.6536865234375
SpikeLoRA-TS-R2-corrected-v1,SR,gru,0,low,7008,120.00001525878906,530.0,20.712561665047545,8.6588677528242,191.0497202387171,12.64384188661115,5.963464822943352,185.71695261924563,12.933350539432931,6.418976761979055,190.4354222710909,16.22277541789896,9.457032899334006,196.83981423200976,15.201976934862127,6.673273556852994,197.88371716424095,36.38178410722661,14.781590723011591,184.37269490699825,0.8261986301369864,190.1823272705078
SpikeLoRA-TS-R2-corrected-v1,SR,gru,0,medium,7005,120.00001525878906,530.0,65.11266673442822,31.614956805755376,75.10229080184729,46.71366364365185,23.199593962642826,66.39893063862161,53.26851086588407,26.5765574235392,67.3389085359581,61.505896954262866,29.28096900302797,73.0134645779384,68.89000365023546,33.248945212517356,93.46375552002169,87.46306799092213,45.76871842704953,75.29639473669666,0.910492505353319,302.6669616699219
SpikeLoRA-TS-R2-corrected-v1,SR,gru,0,high,6988,120.00001525878906,530.0,48.4973259378259,24.924196348752577,58.02085525765379,41.09251462759273,20.097065679400597,65.50326988108563,42.79588173491058,19.98584063420244,61.55405979514556,51.35157515082406,23.343970119168436,52.58624240504302,57.6357817278049,31.62801327020288,34.37788000521,47.759849851787976,29.566092040788533,76.08282420178472,0.9202346880366342,318.6390686035156
SpikeLoRA-TS-R2-corrected-v1,SR,gru,1,low,7008,120.00001525878906,530.0,21.245354615857014,9.025649017177216,190.43460997535817,10.37410227535047,5.365063557341763,184.47238854291507,12.85160812762637,7.052743511112857,190.46040702987452,14.617924072672519,8.12710957657801,196.62243599283372,17.617531070705326,9.222816561999386,198.06431977248508,38.20966538796689,15.360511878854064,182.55349853868253,0.8262557077625571,197.5470428466797
SpikeLoRA-TS-R2-corrected-v1,SR,gru,1,medium,7005,120.00001525878906,530.0,72.74417433015533,37.012650505463455,76.25107450862933,46.23544530868253,23.94876975495844,66.39175454918855,53.059155786168354,25.685834365398183,67.58165737900586,61.3985955801731,30.498978603235063,73.53392050521784,73.70095883188777,38.82271092896118,94.74164306568812,110.92324015863325,66.1069588747644,79.00639704404622,0.9079514632405424,309.3673095703125
SpikeLoRA-TS-R2-corrected-v1,SR,gru,1,high,6988,120.00001525878906,530.0,56.76857975189706,33.78013462095037,59.70946832004148,47.78572723244958,31.397723992210697,69.21170793389435,45.998246641775744,23.625224301797292,62.950357036906645,56.662659800436316,31.688393112994905,52.69704405299087,68.80992966493463,43.131812524167756,35.004745418092874,61.38876426376855,39.05751917358119,78.68348715832263,0.9197195191757298,324.5362243652344
SpikeLoRA-TS-R2-corrected-v1,SR,gru,2,low,7008,120.00001525878906,530.0,20.004048377940734,9.732507659964366,190.57423528639708,10.987428546916906,5.442703129494027,185.50695133997743,11.871719636447091,4.764349411611688,191.0480879084722,14.715676386748639,9.916780833239969,196.6397008819319,16.547949951530217,12.610403131676591,197.73050552233425,35.3378361705566,15.928301793799553,181.9459307792696,0.826398401826484,189.5059051513672
SpikeLoRA-TS-R2-corrected-v1,SR,gru,2,medium,7005,120.00001525878906,530.0,67.26254390594391,35.053563101507784,75.8670051900048,45.7000612540133,22.471448460755223,66.28559145100122,54.08886275020351,28.20967620806044,67.82567038547629,63.32955550040302,35.613209319131705,74.21572946881338,71.48900602735317,39.83496116512933,95.40050414871412,92.11860728759788,49.138520354462216,75.60753049601902,0.9093504639543183,298.3305358886719
SpikeLoRA-TS-R2-corrected-v1,SR,gru,2,high,6988,120.00001525878906,530.0,52.105080037333984,31.10415587837381,58.51320223803841,43.26709320875745,24.529756056900766,66.53543754240103,45.50955116565487,24.874263902084447,62.25582895885352,55.790994295894166,33.6923245428355,53.475708552355485,63.00550047295361,41.70573743548336,35.09303953069477,50.48968302612309,30.718697454564968,75.20599660588722,0.9216370921579852,314.9612731933594
SpikeLoRA-TS-R2-corrected-v1,SR,tcn,0,low,7008,120.00001525878906,530.0,20.53150341359629,9.892200904132025,190.81594075755947,14.946536016564153,10.90779927876442,185.71542038770667,13.25817101436238,7.1860420747434715,190.9395947039795,14.69720457025516,7.576943063300495,196.58571629381024,15.891951026517496,8.582105687764138,197.6796181496953,35.21325311531005,15.208114416087598,183.15935425260582,0.8265981735159817,198.9171142578125
SpikeLoRA-TS-R2-corrected-v1,SR,tcn,0,medium,7005,120.00001525878906,530.0,65.71338437272233,33.10965903457108,75.74070137020593,46.99459903392965,24.065326306753548,66.58508007469062,53.52669234530409,25.811017831370798,67.68933329610017,61.81198950981686,31.078469154853465,74.08413963477535,70.49435672495149,36.843994685192776,94.88442482744858,87.90602322691349,47.74948719468481,75.46052901801491,0.9118344039971449,311.3392639160156
SpikeLoRA-TS-R2-corrected-v1,SR,tcn,0,high,6988,120.00001525878906,530.0,50.652010842634425,26.413247557947415,58.32302721587504,42.30259188668646,20.38141032253324,66.25204589188041,42.683172430259496,17.635092432320153,61.135835115367186,51.690906100762135,24.27140645101948,52.53605190792706,58.223782377189735,32.53434237003599,34.14609743894591,56.16769458634389,37.2439862138282,77.54510572525456,0.920463651974814,325.47882080078125
SpikeLoRA-TS-R2-corrected-v1,SR,tcn,1,low,7008,120.00001525878906,530.0,22.99610296312623,12.439002241282703,191.20826611631742,15.638706213254085,10.530757145250224,186.0441778276767,17.281184474809088,11.869979036453108,191.8210570467391,15.321846428834453,8.959977176091442,196.65253729405188,18.95609519431678,11.738669286579846,198.08084074953626,38.817557439538525,19.095628562038893,183.44271766358318,0.8266837899543379,206.59353637695312
SpikeLoRA-TS-R2-corrected-v1,SR,tcn,1,medium,7005,120.00001525878906,530.0,66.0901353116257,34.98335215533826,76.06683741617852,46.66193853521078,23.47052360060894,66.39495198274655,54.23686662294577,28.091720459071507,67.82828761519923,61.81755285092225,32.32910340422821,74.41239183977535,72.26670308333787,40.25985959997184,95.87940127248054,87.61660518186088,50.765553712810814,75.81915437069092,0.9125481798715204,317.9709167480469
SpikeLoRA-TS-R2-corrected-v1,SR,tcn,1,high,6988,120.00001525878906,530.0,54.17556013232258,30.28867976969832,59.65759082099205,41.16846815364789,18.133944647340822,66.4834449801223,45.755220340388526,22.794962412982105,63.28930606223471,54.52569516227443,29.67321381353281,54.80029508299997,63.615167648645354,40.68213574191674,37.373381626299675,62.18225335129425,40.15914223271912,76.34152635330364,0.9205495134516314,335.5725402832031
SpikeLoRA-TS-R2-corrected-v1,SR,tcn,2,low,7008,120.00001525878906,530.0,21.34090722509988,9.23997909511061,190.65119923434136,11.665478709932549,6.321929298035086,184.79601474361306,13.624189162692366,6.540752014613043,191.19752388153503,15.81349493329888,7.614727119332579,196.9045255753491,18.5698257168184,8.704264382793479,198.04634041609,36.88583241463324,17.018222660778864,182.31159155511963,0.8263413242009132,202.2613067626953
SpikeLoRA-TS-R2-corrected-v1,SR,tcn,2,medium,7005,120.00001525878906,530.0,67.28823901313392,33.34158878323693,75.64612649619532,45.73747861943599,21.4647532657076,66.16822460424818,53.82810320565146,26.072956552988796,67.46406011173859,62.588647924522476,31.58555025240934,74.38905746784135,72.36295578253763,37.37472423196775,94.3584375852121,92.17059012318532,50.209959613111174,75.85085271193634,0.9117487508922199,316.5110778808594
SpikeLoRA-TS-R2-corrected-v1,SR,tcn,2,high,6988,120.00001525878906,530.0,50.40669498198439,25.134699258438573,57.87180066733034,39.27250656188783,14.804205669016584,65.25143309345538,43.01691607462538,18.11283174786625,61.26242110320529,51.86173530304101,23.620414518805045,52.274362255009834,59.11444317611929,34.1371114258092,34.39536488260848,55.921665516540536,34.99893293069579,76.17542200237278,0.9212364052661706,330.6509094238281
SpikeLoRA-TS-R2-corrected-v1,SR,patchtst,0,low,7008,120.00001525878906,530.0,23.31627678720561,8.632777303103442,190.18965098277442,12.122790051643818,7.6929761089690745,185.12430855330877,12.308535335948726,6.244683373464297,190.80843622291104,14.003212003792594,7.734411183013219,196.61443987797756,15.908028745846423,6.758638462519537,197.9315850591647,44.39173808642263,14.733177387551086,180.4694852005101,0.8253139269406393,204.36378479003906
SpikeLoRA-TS-R2-corrected-v1,SR,patchtst,0,medium,7005,120.00001525878906,530.0,66.28527101384763,33.63682956082918,75.75725972744284,46.3016151078854,21.895022170225438,65.7693368978931,54.77774611941449,27.044883357721258,67.82483422213654,63.923602889626984,33.543545903621784,75.26460669055596,71.93703767600834,38.26873307701182,95.24492608711797,86.9659723074732,47.431963295565595,74.6825947395106,0.9120913633119201,314.1651611328125
SpikeLoRA-TS-R2-corrected-v1,SR,patchtst,0,high,6988,120.00001525878906,530.0,51.753946317406246,24.85688184073262,58.233834097112236,38.15162062186557,14.806286614761396,65.21584333933382,43.633068537151644,19.348700082841162,61.67016459165623,52.87210619999122,23.67804464614248,52.991368824918375,60.83199735423309,29.894440481167354,33.392406469338084,59.47245122704912,36.55693737875071,77.89938726031467,0.9192615912993704,329.5540771484375
SpikeLoRA-TS-R2-corrected-v1,SR,patchtst,1,low,7008,120.00001525878906,530.0,21.93251158320532,8.47688767224142,190.6733164567287,11.371939675133165,7.560571636783478,185.13364210147608,12.885246441611182,8.359525410552003,191.2628896512872,13.196200345013398,5.958038767723188,196.6406214788665,15.457257895731017,6.111788942389293,198.0882126227485,41.19172500272823,14.394513603759139,182.2412164292653,0.8257134703196347,203.2954559326172
SpikeLoRA-TS-R2-corrected-v1,SR,patchtst,1,medium,7005,120.00001525878906,530.0,66.356475920462,34.976610704268154,76.67324378708732,46.214887217215846,21.694996315236605,65.56392722972981,54.39503840716915,25.464960316910563,67.56831896382744,63.27957089250248,33.231221813171956,75.94000576004238,72.20667712925867,39.55307487798196,96.39364271983612,87.76767722065243,54.938800198039694,77.90032426200075,0.9141470378301213,316.2054443359375
SpikeLoRA-TS-R2-corrected-v1,SR,patchtst,1,high,6988,120.00001525878906,530.0,55.73850368179068,29.734376271274613,58.69761457581166,40.39724460803072,19.013080337078964,64.88485364629777,44.917159222439594,21.758201646067853,61.335018934397525,54.4993607237983,27.958940873913036,53.020769913948776,61.91469436229956,32.932779153824946,33.96551002047208,71.27977063382187,47.00887934548826,80.28192036394218,0.9201488265598168,328.972900390625
SpikeLoRA-TS-R2-corrected-v1,SR,patchtst,2,low,7008,120.00001525878906,530.0,27.2177605072702,16.23175703793356,191.27682789939237,15.663080841545648,10.82241145878622,186.68063255405033,21.105139838640557,16.8631258304805,192.14868972017865,19.248812712215727,11.970459414399377,196.69707997918815,24.71421807721255,17.23525282781418,198.00460353812076,45.07731181093481,24.26753565818752,182.853133705424,0.8254280821917809,213.27708435058594
SpikeLoRA-TS-R2-corrected-v1,SR,patchtst,2,medium,7005,120.00001525878906,530.0,66.69182142250854,36.240528629365606,76.60179263573826,46.3745677106714,21.972285933021475,66.18692858402025,54.551033028818665,28.340366673384455,68.54418811169884,62.65658818233152,32.313965366535065,75.88985673544015,72.47917466374692,40.59565270891537,95.87552971696229,89.07020088563694,57.98037246497166,76.51246003056981,0.9131192005710207,316.88323974609375
SpikeLoRA-TS-R2-corrected-v1,SR,patchtst,2,high,6988,120.00001525878906,530.0,57.834818436911924,32.107242834465666,58.77547842092622,38.67313034587094,15.766992566786156,65.3656990792286,44.086129557796106,20.892688577626867,61.765357018966824,54.753754467038085,30.956271869766418,53.57796052945623,63.408347231723724,38.42424835200711,36.00809974803257,79.16148786576585,54.49601280614179,77.16027572894684,0.9197481396680023,329.4518127441406
SpikeLoRA-TS-R2-corrected-v1,SR,itransformer,0,low,7008,120.00001525878906,530.0,24.71102969730649,11.78971002461159,190.32648031668347,16.706963106141046,12.062413420307038,184.7834001571929,15.433111582763617,9.95142898929718,190.62946169995632,16.8701796959072,9.970423160622653,196.75823496162684,19.805212470752448,11.465336789823558,197.97196615607947,43.11637728480881,15.498947763007525,181.48933860856178,0.8248573059360731,201.7676544189453
SpikeLoRA-TS-R2-corrected-v1,SR,itransformer,0,medium,7005,120.00001525878906,530.0,67.30185948460979,34.72902038792046,76.5806939863067,47.997620846421746,25.875404597519978,68.1213207165238,55.87322473111631,31.180051983568518,69.7923440633493,63.073322345255335,32.573694492424494,75.11079618191783,72.5279572516264,38.03061927071135,95.2841889794668,89.35079197689231,45.98533159537795,74.59481999027571,0.910235546038544,310.746826171875
SpikeLoRA-TS-R2-corrected-v1,SR,itransformer,0,high,6988,120.00001525878906,530.0,52.81228064452702,27.894052839579416,59.01195163546159,42.221249137357894,22.734528299734535,68.99048275637963,44.123032686506626,20.7969197031424,62.81855352250141,56.23218836216193,30.305782028792173,54.05426993319532,63.36717399592091,35.88074799653934,35.34372862091452,55.12487001328045,29.752286169688634,73.85272334431707,0.9197481396680023,322.50250244140625
SpikeLoRA-TS-R2-corrected-v1,SR,itransformer,1,low,7008,120.00001525878906,530.0,25.095756807856716,13.27127002493976,190.6633534480909,14.621731777130389,11.271839601264153,185.04941981464162,18.562925202549838,14.679177037112789,191.06358319774796,21.088086247506332,15.913335440910025,196.79077992318557,17.43754621718416,9.23368629581852,198.0365922185651,42.91657508351441,15.258311749593307,182.37639208631404,0.8253995433789955,190.211181640625
SpikeLoRA-TS-R2-corrected-v1,SR,itransformer,1,medium,7005,120.00001525878906,530.0,65.88676738920554,33.228698396975446,76.28953424833132,46.56017337069138,23.066623457391973,67.45127380487234,54.56173341568317,28.623900017748554,68.9588679860355,61.96908063377991,31.275711078085617,75.79321645089126,71.83117734794627,38.24777198698927,94.74583339036658,86.95178602866912,44.92948544466181,74.49847960949099,0.9116916488222698,308.67852783203125
SpikeLoRA-TS-R2-corrected-v1,SR,itransformer,1,high,6988,120.00001525878906,530.0,52.37064267631531,26.868347941170985,58.566845848751036,39.658539698800304,18.24011734436769,66.89469194335203,43.34849112220447,19.385127726458247,61.57578399872684,53.11936545608018,26.711732977925536,53.8308072419876,60.90419145925431,34.20007351076664,35.75059930162115,61.07816380897697,35.8046881463368,74.7823467580675,0.9197481396680023,326.2215576171875
SpikeLoRA-TS-R2-corrected-v1,SR,itransformer,2,low,7008,120.00001525878906,530.0,25.444251263456156,14.918805116061206,191.2471860434616,19.48880239617657,14.607749402250873,186.34838005778758,17.631180674282216,11.713645441891396,191.9956013785433,16.079113750378347,8.653991599061174,196.73493684224042,20.828115730574503,14.864126463458962,197.8909726375103,43.05844118287656,24.754512673643625,183.2660393012266,0.8255422374429223,196.38009643554688
SpikeLoRA-TS-R2-corrected-v1,SR,itransformer,2,medium,7005,120.00001525878906,530.0,66.84261800746975,36.26008617697912,76.68178059930682,47.131672335941374,24.872659788601403,66.29785347366591,54.516530809505895,28.316220431494592,68.63650560191473,62.1955290820883,32.323829336118735,74.78851925397349,74.16560385615432,43.534178359843764,96.1518812974293,88.18962869083501,52.25354296883713,77.5341433695506,0.913718772305496,312.2905578613281
SpikeLoRA-TS-R2-corrected-v1,SR,itransformer,2,high,6988,120.00001525878906,530.0,55.690369008214795,30.297102988974054,59.09436068828037,39.27303761924465,18.097435306533786,65.82456205080656,45.509205291087795,23.837418324209036,62.41951646155959,53.531156142572236,27.012892626460513,53.09348301101373,62.90578106618579,37.54598349192924,36.898260375433864,71.21028564596077,44.991785195737684,77.23598154258814,0.9200915855752719,327.46148681640625
SpikeLoRA-TS-R2-corrected-v1,SR,snn_tcn,0,low,7008,120.00001525878906,530.0,34.1710265290397,15.710239058760203,192.70076555298337,32.418685993123304,12.928948815010454,189.77729581487114,31.152999014815823,12.365633677129876,193.50377591600306,30.353668120313593,12.72174005965664,197.22363550820396,28.815970771336154,12.64629444466334,198.0801231196572,45.44347457282718,27.888578297340707,184.91899740618143,0.8230308219178082,227.40476989746094
SpikeLoRA-TS-R2-corrected-v1,SR,snn_tcn,0,medium,7005,120.00001525878906,530.0,78.95942796288213,43.88336960437892,78.61681744202464,71.98498503561872,39.07521547239904,71.18027887293658,72.9428374165639,38.61386117547176,71.46924747136238,74.59263661545684,39.98028521323357,76.5546327576331,80.10539486458673,42.77540553199828,95.81380965212074,93.21762170594883,58.972080628791936,78.06611845607037,0.9138044254104212,361.71319580078125
SpikeLoRA-TS-R2-corrected-v1,SR,snn_tcn,0,high,6988,120.00001525878906,530.0,63.10400538325742,36.97520944544023,60.15418381641917,57.873283198646014,31.727643458994716,68.24813255209277,58.630740256586556,32.22195420267927,63.696791613768625,61.892601673525476,34.20115186912916,54.3578358403275,65.43775536311718,38.051748776886214,35.36073746272766,70.78773126004283,48.67354891951178,79.1074216131793,0.9206353749284488,378.83953857421875
SpikeLoRA-TS-R2-corrected-v1,SR,snn_tcn,1,low,7008,120.00001525878906,530.0,39.86698157223184,22.784992629970045,191.69606215562823,41.384471957612284,23.547568084986786,188.0889547635916,40.36432211590968,23.07789686607988,192.77889676828832,38.9995999828704,24.524442858891945,197.21991827281585,35.261834318713866,20.9206972241946,198.02759732538968,42.90177526596916,21.854358115697014,182.36494364805566,0.822203196347032,255.60890197753906
SpikeLoRA-TS-R2-corrected-v1,SR,snn_tcn,1,medium,7005,120.00001525878906,530.0,80.87460531771451,47.85033811102247,78.90843222517366,71.71141670471614,40.59760616174517,70.91412899979022,73.89321371867564,41.92043136063003,71.33437596813367,76.70702044997076,45.65760871620369,77.64175149852399,83.46493980840451,48.89682518947473,96.70858137203695,96.17905927735173,62.17921912705873,77.94332328738345,0.9144325481798715,379.2691955566406
SpikeLoRA-TS-R2-corrected-v1,SR,snn_tcn,1,high,6988,120.00001525878906,530.0,64.01682860704271,40.139217439377454,60.56350585998046,59.73625921875189,35.895492141016156,68.94758765613062,61.037129518311,36.790775026125985,64.50485961343956,64.02527261368193,39.743407849386614,56.174505500656956,65.46168679150155,40.43392704907457,36.0272193207461,69.37111724909352,47.83248513128393,77.16335720892911,0.9217229536348025,395.3649597167969
SpikeLoRA-TS-R2-corrected-v1,SR,snn_tcn,2,low,7008,120.00001525878906,530.0,33.92809192593589,14.32221219267475,191.06289087947218,35.199410584041686,15.336360360933766,186.86912461773346,33.52192020571583,14.523788300823403,191.7626558800028,31.444044296426743,13.14854770599435,197.1554011048011,28.143273879829255,11.891394669606806,198.06892983896728,40.15081172953705,16.710969926015427,181.45834295585612,0.822345890410959,237.18052673339844
SpikeLoRA-TS-R2-corrected-v1,SR,snn_tcn,2,medium,7005,120.00001525878906,530.0,75.9784457710947,42.250940007625694,77.49273677408613,69.10704141658623,37.882013694224064,70.15035490613046,70.71209034862888,38.46434893829324,70.43309288835178,72.79912635153325,40.49994056478388,76.07230638109546,77.88392615966595,42.41435001871571,95.11876372199785,87.8750218352102,51.99404682211158,75.68916597285511,0.9142612419700215,361.91943359375
SpikeLoRA-TS-R2-corrected-v1,SR,snn_tcn,2,high,6988,120.00001525878906,530.0,63.047260198467484,39.17883336482624,60.11304896451093,56.04055033769463,34.127682793392886,68.37581240589954,56.88186032114771,34.277733482356474,63.93154561402681,60.35534066590936,36.22122301779683,54.77076414557448,64.48083665584761,39.9117087444443,35.69453361303055,75.48609364766462,51.35581878614071,77.79258904402332,0.9223239839725244,378.0315246582031
SpikeLoRA-TS-R2-corrected-v1,WS,mlp,0,low,7251,0.3999999761581421,1.0,0.17458064441763954,0.11656790842041281,10.683983854084394,0.08134301947598177,0.06250759217348152,5.88725901505068,0.09443842161082787,0.07140251928782433,6.712302056159958,0.12494925628883874,0.09379009890763484,8.901403860972708,0.17301218837870946,0.12785319747834054,12.039049821119823,0.3021773829356742,0.2272861342547828,19.879904517118792,0.9690249620741966,0.7282465696334839
SpikeLoRA-TS-R2-corrected-v1,WS,mlp,0,medium,7276,0.3999999761581421,1.0,0.21484558283326777,0.13957447870672895,10.574103284661295,0.08220182720868906,0.06278130343289347,5.004845596842652,0.10171417910221162,0.07639394257342573,5.977523132517592,0.14763931864804467,0.110823104478554,8.603778713158501,0.224724534567269,0.16862211020488277,13.007470034234474,0.37602090745145283,0.27925193284388883,20.276898946553263,0.9475261132490379,0.7288960218429565
SpikeLoRA-TS-R2-corrected-v1,WS,mlp,0,high,6474,0.3999999761581421,1.0,0.2157285450714089,0.14090352609528042,9.456619011337466,0.08318918471208592,0.064704097832726,4.728572668004472,0.10568794169395158,0.08213154287076048,5.83991617602315,0.1627001491474216,0.1270348493022465,8.606204593776756,0.24049258140506602,0.18390177073838132,11.798570575906492,0.3609648515812908,0.24674536973228783,16.30983104297646,0.9504479456286685,0.7289316654205322
SpikeLoRA-TS-R2-corrected-v1,WS,mlp,1,low,7251,0.3999999761581421,1.0,0.17558267645797251,0.11334659774259705,10.292335044747912,0.06712632782883951,0.05094638661242669,4.71511506030695,0.08341958275792799,0.06290605384355544,5.905819306423751,0.11776348962035668,0.08878806972812742,8.440075287670968,0.17370966912958083,0.1307935500585561,12.354211849224823,0.3140673845670088,0.23329892847031958,20.046453720113067,0.9707626534271135,0.7222179770469666
SpikeLoRA-TS-R2-corrected-v1,WS,mlp,1,medium,7276,0.3999999761581421,1.0,0.20496809871702015,0.1301115970057141,9.7005398693083,0.07137881850847103,0.055017253612344774,4.130465911636733,0.09023455450576369,0.06782717695597963,5.181603893705504,0.1343371853524337,0.0995491485532789,7.6947687833823455,0.2148042534030686,0.15762446537294383,12.23443724769669,0.36419095300593046,0.27053994053402336,19.26142351012022,0.9532985156679494,0.7226564884185791
SpikeLoRA-TS-R2-corrected-v1,WS,mlp,1,high,6474,0.3999999761581421,1.0,0.20563637582105682,0.12962564634694926,8.681492720653097,0.07766058236065382,0.061308941107898134,4.20036283382482,0.09652595203009631,0.07407855384505234,5.157128683701942,0.1418462339525653,0.10526949956271985,7.3178712619834165,0.22354506851638287,0.16290054489404726,10.640763287836057,0.35495128974503254,0.24457069232502873,16.09133753591925,0.952548656163114,0.7228174209594727
SpikeLoRA-TS-R2-corrected-v1,WS,mlp,2,low,7251,0.3999999761581421,1.0,0.17898619061611157,0.11348465320373828,10.294614414315411,0.06415557642968799,0.048394056743234624,4.491875937407399,0.07991249497990385,0.059973927123548904,5.641209519118688,0.11240742880016522,0.08489018454253797,8.100288343587374,0.16967374949651873,0.12812952619801718,12.161705671614802,0.3290193398536397,0.2460355714113527,21.077992599848795,0.9734657288649842,0.7444089651107788
SpikeLoRA-TS-R2-corrected-v1,WS,mlp,2,medium,7276,0.3999999761581421,1.0,0.20591830981018217,0.12676969149598977,9.540223680493007,0.06647499424665616,0.04972282606635269,3.818966953631019,0.08595300090920033,0.06328477498723492,4.934769707659198,0.13039376736919447,0.0950303869368022,7.472914236576485,0.21338122363728113,0.15707753775636202,12.310341373848102,0.3710401961787239,0.26873293173319696,19.16412613075023,0.9562946673996702,0.7451297640800476
SpikeLoRA-TS-R2-corrected-v1,WS,mlp,2,high,6474,0.3999999761581421,1.0,0.1980875228303156,0.12006819830619887,8.196309590022127,0.06488126952309538,0.0496246245565111,3.660266463188295,0.08461424165019446,0.06241901724803289,4.611031914557717,0.13116765807989259,0.09429703321875264,6.736796215467784,0.2161572382461597,0.156524584245122,10.284312142463243,0.34769998318653583,0.23747573226257573,15.689141214433592,0.9637009576768613,0.7452174425125122
SpikeLoRA-TS-R2-corrected-v1,WS,lstm,0,low,7251,0.3999999761581421,1.0,0.16374850509733024,0.10447894879298907,9.569453850255877,0.056777029748724596,0.0429133561015573,4.005350371991183,0.07296389588782937,0.05528052043724086,5.260671607674002,0.10410452407576938,0.07909788522797935,7.599090656620406,0.15969014665183467,0.12118492888805867,11.598871497600927,0.29863323413027476,0.22391805331010914,19.383285117392862,0.9662391394290443,0.6557201743125916
SpikeLoRA-TS-R2-corrected-v1,WS,lstm,0,medium,7276,0.3999999761581421,1.0,0.19682363946907294,0.12370412153913268,9.332790921194917,0.06342125124511055,0.04915621284438464,3.6900679700671817,0.08234615880436814,0.06247207483890097,4.867486141145845,0.12303945211841352,0.08999559288171702,7.0724505920409015,0.2022427913601073,0.14670892946172245,11.659737208219513,0.35616530832634596,0.2701877976689383,19.374212694501136,0.9451072017592084,0.6558092832565308
SpikeLoRA-TS-R2-corrected-v1,WS,lstm,0,high,6474,0.3999999761581421,1.0,0.19753262236908625,0.12401126801212665,8.375228523204461,0.06773967316945147,0.053182462151491756,3.783832964969622,0.08638171245838781,0.06590918223910174,4.808120268154208,0.1323762842400695,0.0983360432201158,6.902901797351557,0.2183492797744996,0.1605684451567821,10.650382997041843,0.3432860794212927,0.24206020729314187,15.730904588505076,0.9440222428174235,0.6559956669807434
SpikeLoRA-TS-R2-corrected-v1,WS,lstm,1,low,7251,0.3999999761581421,1.0,0.16167396874288067,0.10650294817590562,9.89059137161998,0.06325728632902795,0.04791919923029247,4.522064405943237,0.07733764486660744,0.05934591480591037,5.719499995240999,0.10872293275473167,0.0836286192317779,8.075597090646596,0.1610149899002026,0.12201193184248252,11.75139861918697,0.2880334393413227,0.21960907576906485,19.384396747082093,0.970928147841677,0.66997230052948
SpikeLoRA-TS-R2-corrected-v1,WS,lstm,1,medium,7276,0.3999999761581421,1.0,0.20192305795843343,0.12945692892779748,9.807324459631403,0.06774164870193475,0.05136026101265719,3.901037105351922,0.08731353608085116,0.06480958336916122,5.028659406099504,0.1332954900944962,0.09700101042200145,7.639267726836948,0.21742654716744625,0.1605490637864301,12.649322939211324,0.3558230333071992,0.27356472604873744,19.818335120657324,0.9435404068169324,0.6699720025062561
SpikeLoRA-TS-R2-corrected-v1,WS,lstm,1,high,6474,0.3999999761581421,1.0,0.22480675508392714,0.14050033433333495,9.463388425434003,0.06959940323584916,0.05381258755949938,4.080303289448859,0.0901121644923586,0.06743475811364366,5.049428404499196,0.14366321772434137,0.10585817316265654,7.4894081450979355,0.24094120862891327,0.1795025259247156,11.765639920020995,0.40129081772956976,0.29589362690615956,18.932162368103032,0.9355267222737103,0.6699684262275696
SpikeLoRA-TS-R2-corrected-v1,WS,lstm,2,low,7251,0.3999999761581421,1.0,0.162330837492158,0.10509413896371801,9.658548125601191,0.05923997203220283,0.04558416265994824,4.381526828666353,0.07089520630845415,0.05329799208208999,5.130633269656901,0.10262707095031265,0.07772632113589432,7.496290840660362,0.15920934896509506,0.12160293677152066,11.646277718428196,0.295535221168142,0.22725928216913688,19.638011970594142,0.9684181492207972,0.6439136862754822
SpikeLoRA-TS-R2-corrected-v1,WS,lstm,2,medium,7276,0.3999999761581421,1.0,0.19764607930684802,0.12387632469740328,9.326990874484883,0.06207185900760428,0.04806461236416605,3.728483779240933,0.0793708477900871,0.0593880197220677,4.62249350734427,0.12379861952074382,0.08962733100704467,7.070687690027569,0.20734156218124963,0.14900608530340775,11.812079341418249,0.35616091105603415,0.2732955750903302,19.4012100543934,0.9433754810335349,0.6438947319984436
SpikeLoRA-TS-R2-corrected-v1,WS,lstm,2,high,6474,0.3999999761581421,1.0,0.20065910269397788,0.12722940880058353,8.678798120093619,0.064853123439275,0.051207302886835025,3.7781792098043674,0.08806709092945825,0.06766057294351215,4.915779606524738,0.13773987125262066,0.1025626072277432,7.154194142336475,0.22802418287857978,0.16705965328297573,11.006458478202674,0.34408042262677774,0.24765690766185164,16.539379163599833,0.9394810009267841,0.643962025642395
SpikeLoRA-TS-R2-corrected-v1,WS,gru,0,low,7251,0.3999999761581421,1.0,0.1578897493497126,0.09998258499092373,9.16738257400034,0.054242876634568185,0.04036914195016143,3.715235764987871,0.0684949593533354,0.051518009491845373,4.878469093684924,0.09994974780202774,0.07635836325223126,7.344125301247876,0.15479284569344617,0.11754660040999163,11.284986756637833,0.28820346712453565,0.21412080985038892,18.614095953443197,0.9668459522824439,0.626768946647644
SpikeLoRA-TS-R2-corrected-v1,WS,gru,0,medium,7276,0.3999999761581421,1.0,0.19238573121604602,0.12018891177117136,9.093397202411484,0.05781371760162828,0.04408316769692975,3.274164395808189,0.07674662630222114,0.05749043188231407,4.423051943640053,0.12111620035603213,0.08893419707981422,6.964465555858587,0.20289505762087895,0.14843911090645573,11.81451192080584,0.34640054689666355,0.2619976512903431,18.990792195944753,0.9445574491478834,0.6270353198051453
SpikeLoRA-TS-R2-corrected-v1,WS,gru,0,high,6474,0.3999999761581421,1.0,0.19701332865159302,0.12120406218690198,8.204673221594913,0.06079223819975828,0.046883260988327395,3.386068864714151,0.08051938432928288,0.06080838038039715,4.434318111210015,0.1253387430242572,0.09192011777655666,6.521962789136021,0.21367343207882988,0.1543398942610788,10.350588315007322,0.3500372191275565,0.25206865752814983,16.330428027907054,0.9439604572134692,0.6273185610771179
SpikeLoRA-TS-R2-corrected-v1,WS,gru,1,low,7251,0.3999999761581421,1.0,0.1582426338282884,0.10026198713849485,9.278566565894666,0.053958250104329746,0.03948772371990765,3.7349888280640315,0.06997376405305002,0.052477394502058704,5.030899177941148,0.10112674862367474,0.07795059312673917,7.555513267298229,0.15850503023532678,0.12150948236866863,11.780668107442292,0.2864356323808156,0.20988474197510013,18.290763448727628,0.9697972693421597,0.6347875595092773
SpikeLoRA-TS-R2-corrected-v1,WS,gru,1,medium,7276,0.3999999761581421,1.0,0.19643919970926865,0.12372129005413254,9.42839374620044,0.05840811548795503,0.04401678454751429,3.4555527559828025,0.07816743033471273,0.05971168304387523,4.73076712887181,0.1230361849506563,0.09085875844614659,7.354711798540634,0.20794343195753698,0.15233563930369656,12.253215604587671,0.35361245324594026,0.27168358492943007,19.34772144301929,0.9422759758108851,0.6348059773445129
SpikeLoRA-TS-R2-corrected-v1,WS,gru,1,high,6474,0.3999999761581421,1.0,0.19434374783140063,0.12291920865101323,8.561701667483398,0.06381463579300638,0.050157744813782955,3.9968285594882276,0.08284502141290351,0.06365770934760147,4.838713493915516,0.13196005619626036,0.09817334102707805,7.102174912591018,0.21786188159353373,0.16115541271416536,10.515054062089545,0.33620618734443536,0.24145183535243833,16.355737309332685,0.9420759962928638,0.6348185539245605
SpikeLoRA-TS-R2-corrected-v1,WS,gru,2,low,7251,0.3999999761581421,1.0,0.17846522304717424,0.10901444812360886,9.80935909341273,0.055840036297203605,0.04164815604185305,3.8924636525869487,0.07125310524406513,0.05314812612046934,4.978102372539738,0.10863620967969546,0.0818391274031467,7.73208415299482,0.17099229307462577,0.12844263588275734,12.072549714863868,0.3316833944913491,0.2399941951698179,20.37159557407827,0.9629016687353469,0.6508610844612122
SpikeLoRA-TS-R2-corrected-v1,WS,gru,2,medium,7276,0.3999999761581421,1.0,0.20985848992103062,0.12800852197615115,9.502314992940638,0.06113578178704329,0.0457754620586928,3.384760255600471,0.07773873334961377,0.05795520704614389,4.482600182468955,0.1276570457018474,0.09368673001363292,7.273255052530227,0.21896919654805286,0.1595410273388364,12.261533970730715,0.38233258313664276,0.28308418342344965,20.10942550337282,0.9412589334799341,0.6523621678352356
SpikeLoRA-TS-R2-corrected-v1,WS,gru,2,high,6474,0.3999999761581421,1.0,0.19672452200511742,0.11928511655069185,7.99115745105832,0.06719973188418464,0.051008222286886076,3.572085847017206,0.0818863182003008,0.061821321038725494,4.435817226625258,0.1305545098657115,0.09629378647100126,6.683565494691118,0.2144456597468309,0.15533656368919976,10.014725083585702,0.3453260686459577,0.23196568926764669,15.249593603372317,0.9464936669755947,0.6530798077583313
SpikeLoRA-TS-R2-corrected-v1,WS,tcn,0,low,7251,0.3999999761581421,1.0,0.16677400571097234,0.10618629167530722,9.703867142797485,0.05616814964051099,0.04238509558888242,3.9850669099617484,0.07169549182547924,0.053799479661390974,5.100617883103302,0.10402284545183571,0.07895875698845069,7.604878207880604,0.16411147093145936,0.12493154125005816,11.910736370254353,0.3049908409364079,0.23085658488775382,19.918036342787417,0.9671493587091435,0.6614882349967957
SpikeLoRA-TS-R2-corrected-v1,WS,tcn,0,medium,7276,0.3999999761581421,1.0,0.19684429795752031,0.12478880460869159,9.459724529684085,0.060413855419091264,0.04665077457623275,3.5576633796042043,0.08204634939804382,0.06127952191612103,4.695390579100788,0.13003700755799652,0.09484520729850321,7.437247935833283,0.21634945536128986,0.1584221476739157,12.645486319011317,0.3458905038390549,0.26274637157868524,18.962834434870828,0.9416712479384277,0.6614373326301575
SpikeLoRA-TS-R2-corrected-v1,WS,tcn,0,high,6474,0.3999999761581421,1.0,0.21316379669021424,0.13248426367332805,8.88808999512831,0.06545981626943485,0.050652572078987664,3.6195592056979433,0.08661448158622576,0.06494787907136382,4.66707551140042,0.1434833536153462,0.10215896565051663,7.131399218688879,0.2398168976705443,0.17180356631906527,11.197071505284063,0.37055006133777035,0.2728583352467069,17.825344534570238,0.9315415508186593,0.6615171432495117
SpikeLoRA-TS-R2-corrected-v1,WS,tcn,1,low,7251,0.3999999761581421,1.0,0.18201621504722457,0.1112541261450568,10.013758089077557,0.05387795507710856,0.04036570248842535,3.7923312798789084,0.06941711552464357,0.052030337545694506,4.987229116396122,0.1050730734171859,0.07894628853686776,7.582985642458767,0.17378804180474508,0.130485286015245,12.31122949158327,0.3415923132886243,0.25444301613905135,21.395014915070714,0.9691904564887601,0.6967828869819641
SpikeLoRA-TS-R2-corrected-v1,WS,tcn,1,medium,7276,0.3999999761581421,1.0,0.21434733943464837,0.13018995133024314,9.74337952480095,0.058546532110127454,0.04483672851976161,3.5443764729157494,0.07933938707803653,0.060865714589012,4.80335010509499,0.12662542844077923,0.09234094495233303,7.306368732511325,0.21904616599673604,0.15752011055045892,12.42952565611863,0.39495094997207003,0.29538625803965013,20.63327665736406,0.942495876855415,0.6976210474967957
SpikeLoRA-TS-R2-corrected-v1,WS,tcn,1,high,6474,0.3999999761581421,1.0,0.2125548184799093,0.1276816786698143,8.62560375917155,0.060518974700981665,0.048014729469324065,3.6141068690801754,0.08231996624408164,0.06217870309576047,4.6176860857381055,0.1320455676571082,0.09510932703941812,6.769830111795064,0.22832842087612645,0.1647577379859816,10.771561809488112,0.38195383416870904,0.2683478957585873,17.35483391975629,0.9476367006487488,0.6979936361312866
SpikeLoRA-TS-R2-corrected-v1,WS,tcn,2,low,7251,0.3999999761581421,1.0,0.16811294901792082,0.10596587027768203,9.582401840418123,0.055267914900624326,0.04043943829214864,3.7206199736320382,0.07045396892789854,0.05210818583974179,4.876487247260757,0.10327170959636346,0.0781700336888747,7.449551752370014,0.16683406712569387,0.12632124088761099,11.835338555330923,0.30788449461721534,0.23279045268003407,20.03001167349689,0.9721969383533305,0.6865992546081543
SpikeLoRA-TS-R2-corrected-v1,WS,tcn,2,medium,7276,0.3999999761581421,1.0,0.20510697168699646,0.12923479429013524,9.63974041003812,0.06471429981726641,0.0498047222093018,3.5658176475821417,0.08691259763848061,0.06584196887939038,4.852843493659444,0.13036779879203864,0.0966087353793129,7.39192164555771,0.21599904553829952,0.15908311146048806,12.32380955600743,0.36735712638875884,0.274835433522183,20.064309707383874,0.9436778449697636,0.6871411800384521
SpikeLoRA-TS-R2-corrected-v1,WS,tcn,2,high,6474,0.3999999761581421,1.0,0.2214116855884127,0.13853435180310228,9.250708091350525,0.07114356692195789,0.05523664301510464,3.784964142647234,0.09471036463862437,0.07323433260399138,5.243098926328078,0.14321470451289262,0.10653790557204038,7.558655966075574,0.23818446572415664,0.1752803889291685,11.559522257564565,0.3922268743853909,0.2823824888952065,18.107299164137178,0.930151374729688,0.687732994556427
SpikeLoRA-TS-R2-corrected-v1,WS,patchtst,0,low,7251,0.3999999761581421,1.0,0.17480145362043573,0.11275196782540756,10.595227029985875,0.05568945912948419,0.04127277646980817,3.980017067409901,0.07010982167863439,0.05302856173487042,5.188030166501795,0.11135311409606471,0.08697315343181572,8.761552891809677,0.16716189523848482,0.12798525602829702,12.714705064330298,0.3231383956550644,0.25450009146224645,22.331829959877698,0.9796166046062612,0.7505212426185608
SpikeLoRA-TS-R2-corrected-v1,WS,patchtst,0,medium,7276,0.3999999761581421,1.0,0.23581967293951128,0.14968395882612273,11.486346046349007,0.06572806164659577,0.05127830132473426,3.983748314784943,0.08626193191067255,0.06455039453742398,5.061753007671693,0.14366849515613844,0.1094052480874709,8.965770140855062,0.23945117364688454,0.1794548103808046,14.465783785497965,0.43395367342656554,0.34373103980017994,24.954674982935366,0.9433754810335349,0.751231849193573
SpikeLoRA-TS-R2-corrected-v1,WS,patchtst,0,high,6474,0.3999999761581421,1.0,0.29003355220712773,0.17703398230600992,12.104527469310026,0.06253911214966347,0.04918322385112408,3.712837285479164,0.08996596047650665,0.06760309609432887,5.089460986752911,0.16174612016095835,0.12268850704494508,9.435591844439276,0.2739929152133718,0.20299563704908427,14.088449705281548,0.5543991048533987,0.4426994474905672,28.196297524597234,0.92548656163114,0.7518145442008972
SpikeLoRA-TS-R2-corrected-v1,WS,patchtst,1,low,7251,0.3999999761581421,1.0,0.16712425461107294,0.10885114550771359,10.305965281955999,0.06517039162505851,0.0507053843680258,5.188929059977142,0.07584864072327598,0.05895979064790944,5.842289158998193,0.10157348991654402,0.0786007967690339,7.645954289962894,0.16875971383388957,0.1302023644513746,13.082170589818167,0.30142224749556723,0.22578739130222425,19.770483311023597,0.980471659081506,0.7820340394973755
SpikeLoRA-TS-R2-corrected-v1,WS,patchtst,1,medium,7276,0.3999999761581421,1.0,0.22878676604144957,0.14719085140402596,11.136440625985605,0.08143930138246602,0.06400570411843347,5.233976793522924,0.09991801005352584,0.07566601037979126,5.7749054875978,0.1479526676489914,0.11013175197326593,8.62354977727402,0.2351858735420091,0.171118017497005,13.554448762861945,0.4097542752158096,0.31503277305163413,22.495322308671344,0.9394447498625619,0.7860089540481567
SpikeLoRA-TS-R2-corrected-v1,WS,patchtst,1,high,6474,0.3999999761581421,1.0,0.2882836277184148,0.18789009496979334,12.289897607257728,0.10199000683505116,0.08234927559989008,5.435947615060687,0.1309999683038339,0.10313812331870488,6.434410872395685,0.18426966290760094,0.13973236228530703,9.484541292658712,0.2821860456998827,0.21004073909671725,14.357267257784425,0.5238225117411541,0.4041899745483475,25.737320998389134,0.883812171763979,0.7877004146575928
SpikeLoRA-TS-R2-corrected-v1,WS,patchtst,2,low,7251,0.3999999761581421,1.0,0.16366849447641602,0.10711979636848754,10.287352655262676,0.06199897034831293,0.04801606120051819,4.81784037225913,0.07179247072400077,0.05483650159973915,5.354034908684138,0.11208746277384955,0.0879480674207301,9.04950537767088,0.16199047841340067,0.12252682399756332,11.926118030431683,0.29348651559534056,0.22227152762388694,20.289264587267557,0.9710108950489588,0.7388010621070862
SpikeLoRA-TS-R2-corrected-v1,WS,patchtst,2,medium,7276,0.3999999761581421,1.0,0.22966980060312267,0.14370792657546513,11.156682091918622,0.06821296668822209,0.05293402425563879,4.230655572026144,0.08262571486922844,0.06346727912572794,4.98843115674815,0.1387758918546059,0.1043272503232353,9.011858390774826,0.22516879632281653,0.16570734533718354,13.313514897232123,0.4269676029464341,0.33210373383554015,24.238950442811873,0.9405167674546454,0.7448968291282654
SpikeLoRA-TS-R2-corrected-v1,WS,patchtst,2,high,6474,0.3999999761581421,1.0,0.26865521162921124,0.15878373104221555,11.035649641781482,0.0686370301033825,0.05420031171357665,4.094290632134247,0.08858065602271059,0.0678767435503551,5.266627049636589,0.16222344997144547,0.12260119947968791,9.91947307717011,0.26411527193889495,0.19489891961065015,13.475639577700207,0.5022421871596019,0.35434148085680794,22.422217872266266,0.9174544331170837,0.7453848123550415
SpikeLoRA-TS-R2-corrected-v1,WS,itransformer,0,low,7251,0.3999999761581421,1.0,0.1721646637290654,0.1099602912380159,10.311121308710385,0.05971400578624153,0.04459873740713509,4.362239447304639,0.07474277517192122,0.05687272230553933,5.576047640110521,0.10914455025668973,0.08318956674929077,8.116206097003671,0.1752511631986443,0.1319222329501661,12.778849371697737,0.31052473203282577,0.23321819677794822,20.722263987435344,0.9742932009378017,0.7257740497589111
SpikeLoRA-TS-R2-corrected-v1,WS,itransformer,0,medium,7276,0.3999999761581421,1.0,0.2257142088037692,0.13993396089586863,10.57636484079748,0.06672913544572008,0.050843200213703366,3.884417181588674,0.08510838338641762,0.06451987637767037,4.993271769177864,0.1296725100581903,0.09594733625601254,7.537570390920946,0.225125993763291,0.16688987217053008,13.24548560703391,0.41897688827293805,0.32146951946142677,23.221079255266,0.9452721275426058,0.72518390417099
SpikeLoRA-TS-R2-corrected-v1,WS,itransformer,0,high,6474,0.3999999761581421,1.0,0.2374532245134771,0.1444765625229801,9.78429287456888,0.07527809717187471,0.059640406871747924,4.26650066111204,0.09366629102468618,0.07294711312247457,5.245910344175724,0.1405635526331652,0.10649184393300884,7.428702897071189,0.23334762379302978,0.1730557703515207,11.344266537060257,0.43962572412495327,0.3102476783361485,20.63608393342518,0.9372258263824529,0.723726212978363
SpikeLoRA-TS-R2-corrected-v1,WS,itransformer,1,low,7251,0.3999999761581421,1.0,0.1750263150434182,0.1116131535909403,10.646577636766846,0.06200378415439312,0.048080411964803706,4.8288911835610175,0.07728930573452708,0.06009821043624794,6.0847119493927835,0.11114547162490662,0.08586740918758573,8.73240033584991,0.16927675974987805,0.12840735839985268,12.881834078921637,0.3199140689370487,0.23561237796621148,20.705050636108886,0.9701834229761412,0.7188042402267456
SpikeLoRA-TS-R2-corrected-v1,WS,itransformer,1,medium,7276,0.3999999761581421,1.0,0.21594157298254535,0.1317494895774103,10.12343854938821,0.06000780783571938,0.045853020218848656,3.634414296367456,0.079005244119992,0.06001458127397702,4.82363279762985,0.1226883675726548,0.09065695461694719,7.371767082901366,0.21253380949399517,0.1569233507884604,12.760657482908936,0.4038415449102518,0.3052995409888183,22.02672108713344,0.9545354590434304,0.721449613571167
SpikeLoRA-TS-R2-corrected-v1,WS,itransformer,1,high,6474,0.3999999761581421,1.0,0.22356258477330393,0.12964873280759429,8.839896747398521,0.06140668781003139,0.04804442636496055,3.5794648669279034,0.08075702833384148,0.060545138713199116,4.535172766244927,0.12975970558049918,0.0933347394667476,6.780089846223934,0.2293469310263136,0.16323704758396038,10.804778077774293,0.4125179652523821,0.28308231190910377,18.499978179821557,0.9508804448563485,0.7222729921340942
SpikeLoRA-TS-R2-corrected-v1,WS,itransformer,2,low,7251,0.3999999761581421,1.0,0.17417772603261775,0.11342711383894286,10.701287019462569,0.0717120916477005,0.05557792421177064,5.529641638426918,0.0844566075767865,0.06588721242448804,6.472852136540544,0.11281910533083797,0.08713449129415798,8.529628259671286,0.16944161204260882,0.12778051122930556,12.41147921123908,0.3130099809244939,0.23075543003499205,20.562833851435013,0.9682250724038064,0.7310786247253418
SpikeLoRA-TS-R2-corrected-v1,WS,itransformer,2,medium,7276,0.3999999761581421,1.0,0.22433410031213258,0.14370207184287728,11.203085409425844,0.08148952532158056,0.06423705629492409,5.653427488813592,0.09780720661108697,0.07643656012381479,6.3300241913964825,0.13649587586631043,0.10317586337786051,8.416739744238239,0.22186717992976165,0.1632529431119471,12.925081940470942,0.4093482389770023,0.31140793630583985,22.69015368220997,0.9360637713029137,0.7339362502098083
SpikeLoRA-TS-R2-corrected-v1,WS,itransformer,2,high,6474,0.3999999761581421,1.0,0.2326452629802513,0.14326883584104425,10.23905655475714,0.08749900367667525,0.06813046471513566,5.866218097211337,0.10289685700888213,0.07855718124601478,6.3163054567571555,0.14642061325049094,0.10810435408421935,8.014793787636798,0.2364255745934495,0.17292310976488634,11.500859714337489,0.418376869344544,0.28862906939496513,19.497105717842917,0.9214704973741118,0.7326020002365112
SpikeLoRA-TS-R2-corrected-v1,WS,snn_tcn,0,low,7251,0.3999999761581421,1.0,0.4554409825717103,0.3237706134802982,26.935876317135072,0.43535516429928167,0.3097593281913866,25.675902247418815,0.4424854750646349,0.3144495205835809,26.195067632090264,0.448907694108397,0.31872626614231947,26.74680732993353,0.4611970583800777,0.3272261462068906,27.52096682665065,0.4874259777812825,0.34869180627731333,28.540637549582083,0.9389049786236381,1.7317265272140503
SpikeLoRA-TS-R2-corrected-v1,WS,snn_tcn,0,medium,7276,0.3999999761581421,1.0,0.5140049223009304,0.3798554587226572,26.010123048572048,0.4723695227205335,0.3456195054013628,23.87711109850388,0.4842995782731781,0.3548385735279653,24.444307378857967,0.5058818584869246,0.3739058447202003,25.65225257551823,0.5505037659361912,0.41238177040568286,28.113598970912008,0.5516841507429876,0.4125315995580748,27.96334521906816,0.9164925783397471,1.7581442594528198
SpikeLoRA-TS-R2-corrected-v1,WS,snn_tcn,0,high,6474,0.3999999761581421,1.0,0.5425893084233205,0.40918227026666576,24.892799537595387,0.5436024559754556,0.40892533445601337,24.908090393044517,0.5389800938064497,0.40528070356767043,24.636214379392797,0.5246238181281349,0.39489239252641095,23.964798723414635,0.49954088393567425,0.3757463688462982,22.68326981989479,0.6010335857036218,0.4610665519369359,28.271624372230193,0.9048192771084337,1.7674494981765747
SpikeLoRA-TS-R2-corrected-v1,WS,snn_tcn,1,low,7251,0.3999999761581421,1.0,0.4362201416141105,0.2943081569760409,24.191652008661446,0.41866478930565293,0.2830323557856329,23.148624086672346,0.4222367378260897,0.2842690195893932,23.35446419699697,0.4288441779088779,0.2866316349271938,23.7068205356808,0.44214776127729777,0.29409985338600897,24.438816242195056,0.4674120446094009,0.3235079211919756,26.309534981762063,0.9394290442697559,1.6630922555923462
SpikeLoRA-TS-R2-corrected-v1,WS,snn_tcn,1,medium,7276,0.3999999761581421,1.0,0.48465850994170145,0.3431282553635435,23.709915530409763,0.4548036654420153,0.3230421021621656,22.476079326637322,0.46075578225047187,0.3254812759659066,22.598954034898384,0.4739240140865844,0.33195945660677373,23.00228035961414,0.5024602120335937,0.3487604390614763,24.276789544106695,0.5275005739456875,0.38639800302139543,26.195474386792284,0.9206981858163826,1.6704564094543457
SpikeLoRA-TS-R2-corrected-v1,WS,snn_tcn,1,high,6474,0.3999999761581421,1.0,0.507185878465355,0.35765226287056645,22.31409447692311,0.49132758748392935,0.34240536182281006,21.801425897010215,0.48878293863831057,0.3408880907240052,21.623878925011905,0.48337476679937336,0.33801294572750357,21.291606955967072,0.4796735812179321,0.3403599062450587,20.972945306699568,0.5849257282338535,0.4265950098334546,25.880615299926795,0.9105653382761817,1.6721222400665283
SpikeLoRA-TS-R2-corrected-v1,WS,snn_tcn,2,low,7251,0.3999999761581421,1.0,0.4403454601588349,0.2973709329344161,24.768935042943763,0.4177256289425024,0.2836078858148672,23.56829237434194,0.42222389358966755,0.2861328433668378,23.90005271984819,0.4313017314203871,0.29084920831391475,24.438304464398946,0.44927966131993247,0.3010511705010961,25.44508006079519,0.4784135307629534,0.32521355667536445,26.492945595334543,0.9251689422148669,1.5262454748153687
SpikeLoRA-TS-R2-corrected-v1,WS,snn_tcn,2,medium,7276,0.3999999761581421,1.0,0.49896042678335706,0.35353031926033196,24.40214093129387,0.4654725342099432,0.3303120730750963,23.0097851816097,0.47171136522905704,0.3324597151054007,23.10817048574365,0.4875051019804135,0.3402025486297041,23.5213003513318,0.5238407718260507,0.36450374619589854,25.140490381972075,0.5418125751630498,0.40017351329556006,27.230958255812094,0.8933205057724024,1.5370824337005615
SpikeLoRA-TS-R2-corrected-v1,WS,snn_tcn,2,high,6474,0.3999999761581421,1.0,0.5312921523545904,0.38057757246851515,23.519786780137228,0.522846835228495,0.37119898673263196,23.039683414087854,0.5211680433196032,0.37020633892398724,22.954339666762184,0.5177279891468702,0.3694102664788564,22.932276903846912,0.5098089180751214,0.36826256700124793,22.850001745564285,0.5817425629836982,0.42380970320585226,25.822632170424903,0.8829780661105963,1.539334774017334
SpikeLoRA-TS-R2-corrected-v1,WP,mlp,0,high,9669,,,701.951774977763,480.0592596019556,77.24993825531145,435.3761037677636,317.13644817280095,68.35766694675868,487.11827871585564,351.81634248154944,70.29639583065602,578.8540268473241,414.98303292724535,73.46594280424291,740.2142983011547,530.0326948648204,80.42533493986635,1074.1767596509571,786.3277795633617,93.70435075503333,0.9212948598614128,1990.286865234375
SpikeLoRA-TS-R2-corrected-v1,WP,mlp,1,high,9669,,,658.1696497123762,447.5216463185846,71.70501710569962,352.0176977298288,253.7433211227671,61.60043674260891,432.90078340402874,312.931561220591,65.11555742233206,515.5783228045386,372.52925752313695,68.61808308568051,666.508441524552,488.0523017696294,74.57187123877557,1069.842222786286,810.3517899567986,88.61913703910109,0.9401179025752404,2015.001220703125
SpikeLoRA-TS-R2-corrected-v1,WP,mlp,2,high,9669,,,671.8775125627162,446.9780215438636,74.19815936207087,366.58659076794606,261.7979164798179,62.75059142428414,418.9744259071642,304.71264706512113,65.09293116167088,510.58212326585783,367.26426761953473,69.00951034614684,665.5884957852502,478.670654972308,77.07111946060814,1115.109640807516,822.4446215825362,97.06664441764431,0.9432826559106423,2018.8707275390625
SpikeLoRA-TS-R2-corrected-v1,WP,lstm,0,high,9669,,,629.3266991698573,406.7472374714374,70.2959004010363,326.17537598831893,226.91847068509662,59.25020465070616,402.0057506025218,277.1686528247593,63.229327225568824,505.1908734715931,347.9553504886247,68.03948759279179,655.481587265255,463.76593637461497,73.87666282517307,1013.6012737456247,717.9277769840913,87.0838197109417,0.9389802461474817,1987.423095703125
SpikeLoRA-TS-R2-corrected-v1,WP,lstm,1,high,9669,,,612.5815813015629,400.52961566044064,70.09850476469649,323.30893043033643,225.10685802731547,59.373535215995176,399.3164456786899,275.52626082889543,63.250980253037895,499.7023261101099,345.7975516008091,67.85591302883311,629.8991915406912,440.35972970963905,74.23625412117586,982.7630814396088,715.8576781355443,85.77584120444033,0.9400558485882718,1953.2476806640625
SpikeLoRA-TS-R2-corrected-v1,WP,lstm,2,high,9669,,,667.0854972314422,429.5361281362311,71.43909171613181,293.0918636730411,205.16222393979996,58.027923681302326,377.342759849697,264.1299165273381,62.51857771385122,505.52582385167693,360.0731961886187,67.95576459999313,694.268188473643,499.84916266128585,76.12147881338903,1122.1230895106335,818.4661413641131,92.57171377212333,0.9397662633157514,1903.26513671875
SpikeLoRA-TS-R2-corrected-v1,WP,gru,0,high,9669,,,566.9389506768598,395.7131777522014,68.38531864744391,287.9182667970102,206.6458785620948,58.02217224405075,374.0057004116952,274.0295229746201,62.32994045615071,474.3535026976568,353.94769179166343,67.08058501067282,608.1626494415717,460.108890026478,72.3737393420847,888.5092137843757,683.8339054061506,82.12015618426052,0.9488675147378219,1848.1009521484375
SpikeLoRA-TS-R2-corrected-v1,WP,gru,1,high,9669,,,572.1109959766687,392.6397501917977,68.89272560233334,284.9028993840429,202.46051257689078,57.769308238555105,372.29381549187997,263.2506717149666,61.95949588072614,468.7737889034594,346.50952897095016,66.81890604603974,620.32763448597,462.4830011440194,72.96568632923068,901.2365794763765,688.4950365521618,84.95023151711513,0.9464267245837211,1808.42529296875
SpikeLoRA-TS-R2-corrected-v1,WP,gru,2,high,9669,,,603.8801091976512,413.38648618516044,69.66546928572771,290.77941145770933,216.21818412601647,58.113290543616756,386.9751621673938,283.24279207566343,62.3088830170714,490.22467702720314,358.56211201108243,67.1831799727886,655.6343886111858,479.9879696923237,74.29348365310278,958.5806192828409,728.9213730207161,86.42850924205915,0.940386803185438,1812.8798828125
SpikeLoRA-TS-R2-corrected-v1,WP,tcn,0,high,9669,,,616.8757717518525,401.22934767766185,70.24191798457736,269.7042750073445,189.9526537245118,57.29708543207599,385.32424624349886,273.47749491316887,63.23649060278203,484.2129785619085,342.00265538595073,67.29128077352895,639.5996426593127,454.59858584150015,74.08415115906847,1018.7804015950367,746.1153485231778,89.30058195543134,0.9464267245837211,1906.641357421875
SpikeLoRA-TS-R2-corrected-v1,WP,tcn,1,high,9669,,,681.1478487320849,452.05914450564666,72.50831819653447,315.5687465895551,227.08264114706552,59.52134525546142,400.0461956723309,292.59066483665987,63.957707507239355,541.7104383718929,392.4299600593109,69.31683513987781,706.5188254796223,511.7995279430295,76.76852350590165,1125.8651415100987,836.3929285421676,92.97717957419215,0.9401385872375634,2063.2890625
SpikeLoRA-TS-R2-corrected-v1,WP,tcn,2,high,9669,,,656.7328523743181,456.5932223226997,73.32392955500254,350.5415661229232,268.8803966528924,62.078314028238545,438.16872279993294,348.4743510818442,66.56429148174733,522.0651563875604,394.22844970400126,68.9794357172322,641.371390190477,478.90434238782206,73.15675176614354,1075.9691863848473,792.4785717869387,95.84085478165098,0.9369531492398386,1947.037841796875
SpikeLoRA-TS-R2-corrected-v1,WP,patchtst,0,high,9669,,,539.3366628203553,326.262269606646,67.35413143984805,246.69038912649873,157.36373125250478,56.017482532267046,333.8548341533204,211.48891008443948,60.41839748438157,432.65339737071764,273.2134235605778,65.11374392880622,563.0702926948588,366.4104661979995,71.44188717479196,881.9681763896957,622.8348169377084,83.77914607899342,0.9570793256800083,1827.02001953125
SpikeLoRA-TS-R2-corrected-v1,WP,patchtst,1,high,9669,,,529.8876106373706,317.58523094784033,67.00220259690826,247.45016447209184,155.68348874226143,55.98310971896579,329.13966400982343,201.1098783364623,60.298558967753515,433.76030892572516,272.9782885153866,64.82708386331798,555.1764484705958,353.7224546805916,70.94078311429396,859.052386456949,604.4320444644995,82.96147732021012,0.955114282759334,1797.3780517578125
SpikeLoRA-TS-R2-corrected-v1,WP,patchtst,2,high,9669,,,528.6175474576265,315.7896552107674,68.07336986757974,247.45269277090674,150.65155503993716,57.16161149108472,345.42320640214825,221.26240199151485,63.57103916660027,429.6692447059689,265.46223159807397,65.7252303396682,552.4668882067372,350.924375604481,71.10718634011145,852.5240221300705,590.6477118198301,82.80178200043406,0.9553004447202399,1799.0426025390625
SpikeLoRA-TS-R2-corrected-v1,WP,itransformer,0,high,9669,,,551.539683400846,333.60767609535793,68.44546367999612,272.4237717848838,177.0391082779453,57.375337681024675,346.5999777687434,221.69297596892696,61.15180047845807,447.29143794740577,286.1482646522755,66.24676175754945,573.4185821661155,369.978353521079,72.03120029055083,893.1715148683792,613.1796780565628,85.42221819239761,0.9543282655910642,1864.37939453125
SpikeLoRA-TS-R2-corrected-v1,WP,itransformer,1,high,9669,,,554.7659820984225,334.00235495335045,69.90306000833101,265.1701776075902,167.1133854560564,58.71285365092841,346.49649948783815,217.64849955146198,62.645455121101435,442.0063786199756,279.7217230730237,67.1456603229715,582.9044354350469,380.7758873649437,74.56280818306705,901.8338026642014,624.7522793212663,86.44852276358664,0.9539766263315751,1836.2413330078125
SpikeLoRA-TS-R2-corrected-v1,WP,itransformer,2,high,9669,,,545.9162346169983,329.1295758995303,69.46825841829546,271.103253829044,172.65113137931954,58.19297101997255,349.83827534748366,221.1469327362657,62.392721751004935,441.65095810968216,279.8970441574616,66.77654837242048,568.3719910552647,369.02308934269234,73.0181202458852,880.9861485527931,602.9296818819124,86.96093070219406,0.9555072913434688,1851.9407958984375
SpikeLoRA-TS-R2-corrected-v1,WP,snn_tcn,0,high,9669,,,966.9067055720833,672.0219652492118,83.13842995429184,921.0984945845543,618.8610335288984,81.17816185368771,927.4622045158983,625.9629553466317,81.71034119261328,939.8664263893859,640.7758461382806,82.9140036980498,963.5386308963348,668.4659872959511,83.95336198702414,1074.32709925159,806.0440039362973,85.93628104008427,0.9531699245009825,3440.345458984375
SpikeLoRA-TS-R2-corrected-v1,WP,snn_tcn,1,high,9669,,,962.5713721883097,696.6643694988192,82.23875703914008,914.9931643215125,640.5306100366971,80.53172748949692,923.0010371744048,652.8321492235273,80.8882852132323,935.6107074574059,666.3402619124668,81.45382419424647,960.7082735404748,698.1987551315234,82.28458559894887,1070.1621581070037,825.4200711898811,86.03536269977592,0.9479780742579378,3309.592041015625
SpikeLoRA-TS-R2-corrected-v1,WP,snn_tcn,2,high,9669,,,1039.9544674187632,745.8749598893795,83.28781518496488,998.1060871515043,695.2557401389811,81.91443170195046,1004.5218989054956,704.0933362373165,82.12501957255499,1017.6677156490096,719.15827862831,82.68676612751581,1045.187964204019,750.4900974199115,83.17458710509656,1128.7962636988186,860.3773470223782,86.53827141770667,0.9567276864205192,3709.4609375
SpikeLoRA-TS-R2-corrected-v1,EC,mlp,0,low,3487,3421.6822916666665,8343.806640625,1266.1841290561968,954.3912804479137,3.7029328163230097,951.3942280631413,746.7626888711643,2.9794913235223395,991.6641409535578,775.3595889643676,3.073657632313843,1170.2657673541921,930.2580449482004,3.6809495227722646,1218.8294411012573,937.7700319938342,3.5920722858340968,1809.0039593620795,1381.8060474620017,5.188493317172504,0.9736736449670204,6194.20361328125
SpikeLoRA-TS-R2-corrected-v1,EC,mlp,0,medium,3487,3421.6822916666665,8343.806640625,2196.985206734132,1554.8984196883066,5.259184623201736,1268.3889671842414,1002.8212053251362,3.460827498688405,1549.6992546656602,1173.8649492758818,3.986164345475079,1851.5308097119969,1402.367768340443,4.772764929568548,2060.6644253355594,1597.2574685886866,5.435676214485209,3528.2910066915947,2598.180706911385,8.640490127791441,0.8705477487811872,6194.20361328125
SpikeLoRA-TS-R2-corrected-v1,EC,mlp,0,high,3486,3421.6822916666665,8343.806640625,2441.4769349851113,1708.2266820630737,5.435338041520422,1023.0661542893124,823.2559731111947,2.550530396790597,1220.6822285761598,958.190489076843,2.9636733903748778,1756.503640891603,1319.2446594413368,4.029167556103895,2516.9198650916032,2024.523785992183,6.083410975365947,4224.586135155644,3415.9185026938108,11.549907888966796,0.8947217441193345,6194.20361328125
SpikeLoRA-TS-R2-corrected-v1,EC,mlp,1,low,3487,3421.6822916666665,8343.806640625,1203.5173781211304,938.9717546870519,3.648189570931663,940.9640465852589,727.7157522583883,2.8255959226677776,972.8723711248729,756.0401054362633,2.9256263374149114,1192.3007921186927,971.9710442357327,3.8391310328222703,1208.4756905349147,984.8764322169845,3.8461504432574074,1590.0885938314445,1254.2554392878908,4.804444118495951,0.9659879552624032,6526.52099609375
SpikeLoRA-TS-R2-corrected-v1,EC,mlp,1,medium,3487,3421.6822916666665,8343.806640625,2082.867952020266,1535.2777101779825,5.251721125650482,1235.4040923492194,948.9862457879266,3.245843135080859,1521.123781753568,1152.6551532925866,3.949074215150397,1901.1000672775115,1499.79245288303,5.1961386118393325,2066.9535634347617,1732.9946957001005,6.136010587460055,3156.7665732134487,2341.960003226269,7.731539078721767,0.8687697160883281,6526.52099609375
SpikeLoRA-TS-R2-corrected-v1,EC,mlp,1,high,3486,3421.6822916666665,8343.806640625,2396.3510364934136,1817.308691238167,5.850617329912993,1248.9073223381768,1039.3932487763554,3.2717227279332226,1404.61835020204,1163.9262905416308,3.6934620048401743,1883.8772428343539,1547.0315884072002,4.814913223730278,2448.9126200898786,2075.076362929396,6.433913324728591,3953.9350973550936,3261.115965536252,11.039075368332702,0.8544463568559955,6526.52099609375
SpikeLoRA-TS-R2-corrected-v1,EC,mlp,2,low,3487,3421.6822916666665,8343.806640625,1807.8439016026493,1460.991638922247,5.755081997371007,1837.0014968435082,1525.8794316389447,6.057496025217744,1838.1061430710859,1516.1525028229853,6.042354706912195,1902.4158344611228,1557.4198148928162,6.245322130596915,1461.3642845864417,1187.6780682042229,4.723933546356525,1957.9370752746986,1517.8283770522655,5.706303577771655,0.7990823057069114,6568.62451171875
SpikeLoRA-TS-R2-corrected-v1,EC,mlp,2,medium,3487,3421.6822916666665,8343.806640625,2277.0839865179764,1719.8498710612632,5.890492687225931,1443.0107929399585,1191.0226785426225,4.192330480230594,1691.5336716522097,1382.7290477353383,4.775673096772288,2082.5385101075944,1661.9755957395325,5.696455115134649,2203.076791035876,1743.2886099261543,6.056506329054141,3433.8720279192835,2620.2334233626684,8.731498414937985,0.8025236593059937,6568.62451171875
SpikeLoRA-TS-R2-corrected-v1,EC,mlp,2,high,3486,3421.6822916666665,8343.806640625,2350.781609179756,1678.8458946276176,5.328509729490476,1139.9637217356908,931.4037937464142,2.977922217761167,1331.2370936055095,1089.4770953232573,3.406748544418007,1858.8056791503209,1473.31620174896,4.50204897937826,2682.8598373678633,2001.8545493357358,6.105752043452234,3729.110607667876,2898.1778329837207,9.650076862442711,0.8796328169822146,6568.6240234375
SpikeLoRA-TS-R2-corrected-v1,EC,lstm,0,low,3487,3421.6822916666665,8343.806640625,1687.5221287832148,1229.2855169647978,4.672200999859786,1243.3384674446838,976.4877452188485,3.8899944290948922,1273.708346361972,972.065825409557,3.785942974182064,1517.3671528836962,1154.5605631183682,4.402190479589145,2039.763748790741,1558.5641080934543,5.947816098179615,2146.4836248884108,1484.7493429837612,5.33506101825321,0.8375681101233152,5018.7607421875
SpikeLoRA-TS-R2-corrected-v1,EC,lstm,0,medium,3487,3421.6822916666665,8343.806640625,2705.126626835526,2013.8273565206482,6.576344940201408,1378.1468236126254,1060.5021357228634,3.6567426295876517,1848.7436748438427,1398.229192245304,4.6116215757034045,2557.7748441017034,1978.4670220416906,6.509790262373574,3152.907934575582,2523.6683888371094,8.354749262565193,3845.5647044790335,3108.2700437562735,9.748820970777222,0.6591912819042156,5018.7607421875
SpikeLoRA-TS-R2-corrected-v1,EC,lstm,0,high,3486,3421.6822916666665,8343.806640625,3072.74353185903,2054.6976487422908,6.48576645463467,909.7488391583205,706.3293957078313,2.3604121518775325,1312.926130022747,971.4141846403471,2.98298728089813,2178.8957450367675,1566.3404953519434,4.64628416233174,3486.9588759905673,2609.557391395941,7.8961307965378165,5267.91013771803,4419.84677661539,14.543017881528138,0.7258749282845668,5018.7607421875
SpikeLoRA-TS-R2-corrected-v1,EC,lstm,1,low,3487,3421.6822916666665,8343.806640625,1594.5486622555493,1160.9725320162388,4.3888941586909755,1079.012848187095,852.4149732488529,3.3686675503672063,1225.7173978481326,966.5097757070906,3.8068914967183525,1268.6105509627685,956.3899769456194,3.6436932885995073,1759.886115796718,1252.0788413885502,4.625572167144007,2310.779834812539,1777.4690927910813,6.499646290625809,0.8472612560940637,4891.05615234375
SpikeLoRA-TS-R2-corrected-v1,EC,lstm,1,medium,3487,3421.6822916666665,8343.806640625,2211.1527589456186,1649.0475967656653,5.495795455299994,1306.3988923031202,989.4387697833023,3.329663756583319,1657.3258706882166,1233.8968355678232,4.1063492123729155,2072.7468695708944,1603.6714123440636,5.402469560542247,2526.3775360916366,2023.4596850802982,6.8918122184475905,3051.8375561809394,2394.771281052839,7.748682528553899,0.7426441066819616,4891.05615234375
SpikeLoRA-TS-R2-corrected-v1,EC,lstm,1,high,3486,3421.6822916666665,8343.806640625,1963.2599849215826,1325.059246136331,4.377822841384263,804.2736290850273,599.0026019255594,2.0807715154796496,905.2173799405189,678.9350717602553,2.2801735166258124,1367.1355857585847,994.6044961094377,3.2145873497405697,2132.2065085291706,1522.8109127357645,4.823663005649542,3374.9533273397806,2829.943148150638,9.48991881942574,0.8652323580034423,4891.05615234375
SpikeLoRA-TS-R2-corrected-v1,EC,lstm,2,low,3487,3421.6822916666665,8343.806640625,1601.826463057525,1056.5153866145683,3.833510770456208,722.5038310970835,543.8723876182966,2.0597377782471464,888.2822747032303,667.1809645648121,2.531512999249318,1198.4364684984268,876.0048354826857,3.2922888643714927,1534.4198072598697,929.5375580280327,3.240215363008523,2779.8361083554178,2265.981187379015,8.043798847404565,0.9169486664754803,4358.8115234375
SpikeLoRA-TS-R2-corrected-v1,EC,lstm,2,medium,3487,3421.6822916666665,8343.806640625,2485.65825678778,1810.4839146965514,5.894918715098237,1139.6802155441314,877.3798455647764,2.9343007926713174,1617.8881975437678,1245.8854091984515,4.150619727459789,2251.2675801959967,1694.8771306818182,5.567632850362138,2561.6747133596027,1985.4713579007744,6.59325810271405,3917.354793674508,3248.8058301369374,10.228782102283894,0.6802408947519357,4358.8115234375
SpikeLoRA-TS-R2-corrected-v1,EC,lstm,2,high,3486,3421.6822916666665,8343.806640625,2976.4396746217217,1829.1581451923767,5.885311999255353,712.6852507812528,556.9572475168532,1.815048797740586,1024.2381993023357,794.7976201681727,2.5488222867175097,1581.56999641647,1153.0425177271586,3.6274043084499703,2425.7840079295615,1838.940954666882,5.769425453800011,5861.159426344627,4802.052385882817,15.665859149568684,0.7514629948364888,4358.8115234375
SpikeLoRA-TS-R2-corrected-v1,EC,gru,0,low,3487,3421.6822916666665,8343.806640625,1304.0448986421582,892.9161268640665,3.357035436221286,451.123197906859,324.18336186191567,1.171438617507775,725.2372665393806,428.27558666565096,1.489559777786467,1536.949584413007,1195.77982730499,4.668339246500123,1541.5669146652535,1208.5324150415831,4.561506187859822,1741.9935931248701,1307.809443446193,4.894333351452247,0.8853455692572412,3795.583251953125
SpikeLoRA-TS-R2-corrected-v1,EC,gru,0,medium,3487,3421.6822916666665,8343.806640625,1875.1915327085062,1370.9060130708704,4.636170448104186,616.5740803198197,477.06598952358763,1.633349787844389,1082.7502551993975,815.1340912451606,2.7442597436398732,1576.577220420119,1244.0499528382206,4.322282978383392,2249.8117434966716,1888.5655935214727,6.533080934808805,2912.379799567466,2429.7144382259107,7.94787879584447,0.7275595067393175,3795.583251953125
SpikeLoRA-TS-R2-corrected-v1,EC,gru,0,high,3486,3421.6822916666665,8343.806640625,1562.472838701235,1077.1320551177926,3.5587898602766885,462.7473964681776,344.6211766709696,1.1513832198285658,749.8866083939324,555.5775770492685,1.8551892219038235,1182.3984722261482,859.9584666792168,2.8258610726328164,1918.6384500925656,1481.1848084301491,4.681815684282803,2520.099627140268,2144.3182467593588,7.27970010273543,0.8624211130235226,3795.5830078125
SpikeLoRA-TS-R2-corrected-v1,EC,gru,1,low,3487,3421.6822916666665,8343.806640625,1472.9281607165408,1041.4319508173214,4.025185769223865,787.9668076718305,605.6499066846501,2.452843354942078,926.3363664661441,669.5768664190207,2.576882500317319,1681.4871569012448,1214.6645649241827,4.63437568472415,2053.075800957139,1558.5466660766776,6.01822563557008,1525.14811609535,1158.7217499820763,4.443601670565698,0.8213363923143103,4131.25634765625
SpikeLoRA-TS-R2-corrected-v1,EC,gru,1,medium,3487,3421.6822916666665,8343.806640625,2132.9236642625237,1541.0861980660309,5.162335157737736,765.2145553835621,593.9773752285274,2.0146992120907594,1163.3273959142543,874.2153635377832,2.942143464110003,1873.1691486319587,1460.7208106673,4.957050347578423,2441.3790330977477,2016.7011287460568,6.792720237875064,3367.319200694222,2759.8163121504876,9.105062527034436,0.6874677373100087,4131.25634765625
SpikeLoRA-TS-R2-corrected-v1,EC,gru,1,high,3486,3421.6822916666665,8343.806640625,2289.816979925102,1483.2987398253729,4.867772959434487,548.045247959156,407.71748825659785,1.3336698067309525,694.2602896756822,503.3210386187608,1.6655138403185523,1403.4775104589153,1038.3985237826305,3.3169643427198894,1992.4528383288653,1608.1988977113813,5.029281392627465,4415.239589060449,3858.857750757494,12.993435414775576,0.7842799770510613,4131.25634765625
SpikeLoRA-TS-R2-corrected-v1,EC,gru,2,low,3487,3421.6822916666665,8343.806640625,1560.9415015961129,1096.3939312535847,4.12234193206481,563.0898384103098,465.96150209707486,1.7317606978786655,750.7078221270905,544.7024539808575,1.9980939252230296,1259.1475958326298,984.4769937894322,3.6517048232104568,1820.3479417510976,1485.376387967809,5.592107986851382,2530.403161469203,2001.4523184327502,7.63804222716051,0.8841410954975624,3855.248779296875
SpikeLoRA-TS-R2-corrected-v1,EC,gru,2,medium,3487,3421.6822916666665,8343.806640625,2101.557814184216,1506.7551268551047,5.066749064332849,689.4887910756389,495.06484352595356,1.6864499432565454,1133.8908877199733,870.1947266185116,2.952398502031523,1787.1006286989218,1417.7649808664326,4.806203483527815,2389.4747041083824,2025.110197810618,6.943529043417771,3379.0982339746274,2725.6408854540077,8.945164349430588,0.7186693432750215,3855.249267578125
SpikeLoRA-TS-R2-corrected-v1,EC,gru,2,high,3486,3421.6822916666665,8343.806640625,2162.272781872095,1354.5172083422979,4.498941177527891,545.444917710381,424.4559162991251,1.4212346663604793,683.6811672350308,503.4533827273379,1.6468702255392593,1288.0733265835295,899.2786402305651,2.901788103122984,2191.8244257731694,1575.5217835628227,5.057521265692614,4018.5769385896615,3369.8763188916378,11.467291626924117,0.8052208835341366,3855.2490234375
SpikeLoRA-TS-R2-corrected-v1,EC,tcn,0,low,3487,3421.6822916666665,8343.806640625,1352.313055724001,931.3088434497778,3.520688178674362,466.12134175662817,361.36065430527674,1.3761660898343324,854.1106265774854,662.5954533131991,2.5263481935997327,948.0960668449565,740.653300988493,2.7676290988195724,1375.6579628472489,1039.5741117678162,3.8575532018124026,2325.0070866606884,1852.3606968741037,7.075744309305766,0.9748207628333811,6930.9775390625
SpikeLoRA-TS-R2-corrected-v1,EC,tcn,0,medium,3487,3421.6822916666665,8343.806640625,2188.053392848107,1490.5526790355248,5.149442456258843,697.4869015724696,509.6507933485087,1.8341951286018818,1250.68104571289,869.838609254015,3.106037573782809,1772.3499566141727,1282.7916687204258,4.560045522224702,2526.103222903595,1972.7035529287352,7.004687035219124,3516.358248575608,2817.778770925939,9.2422470214657,0.9008316604531116,6930.9775390625
SpikeLoRA-TS-R2-corrected-v1,EC,tcn,0,high,3486,3421.6822916666665,8343.806640625,2366.756792734092,1511.1422688521945,4.917296066007843,543.3967853312173,414.96018840988955,1.4019906349547262,848.9172925435304,645.0050789093875,2.105156942627075,1438.7218836599866,1034.2413274750788,3.3556708796050425,2647.6076312664723,1945.0901395761618,6.182649233424211,4232.257212908318,3516.414609890455,11.541012639428159,0.931784279977051,6930.9775390625
SpikeLoRA-TS-R2-corrected-v1,EC,tcn,1,low,3487,3421.6822916666665,8343.806640625,1253.1033483357548,893.3586462888944,3.3963397033547746,705.2970419289284,606.9436758406223,2.3737802530908465,588.9166337698265,460.01414965407224,1.733375076363658,928.65214635441,710.373831037604,2.664487039269087,1286.837554307167,986.0876671386578,3.72625915046336,2118.6617448434326,1703.3739077735158,6.483796997586923,0.9665041583022655,7281.38134765625
SpikeLoRA-TS-R2-corrected-v1,EC,tcn,1,medium,3487,3421.6822916666665,8343.806640625,1996.6353792627194,1393.184040610661,4.840284482394613,822.9193427511626,653.6790898560726,2.353463754586129,1083.0961441615527,773.364065412604,2.7083682257620834,1599.1156329162675,1199.1359093821695,4.245058926602359,2186.048893255359,1709.3710119730426,6.095450570537878,3278.1839660559185,2630.3701264294164,8.799080934484616,0.9068540292515056,7281.38134765625
SpikeLoRA-TS-R2-corrected-v1,EC,tcn,1,high,3486,3421.6822916666665,8343.806640625,2128.74925262688,1373.5246334669034,4.554244095306668,656.1400817295967,505.3207388706612,1.7325337632307658,763.8032889017258,555.7256968723107,1.8307127856191288,1318.6125784286176,934.1787383910643,3.014592676182187,2326.4927979688987,1731.6970219045827,5.476173382227203,3806.920508865003,3140.700971295898,10.71720786927406,0.9418244406196213,7281.380859375
SpikeLoRA-TS-R2-corrected-v1,EC,tcn,2,low,3487,3421.6822916666665,8343.806640625,1620.1680798395582,1121.1613861530327,4.292074817024591,612.5607359575926,511.01994237525093,1.9592084156305336,730.3702623920202,610.8168969117436,2.361981768261986,792.3571635598651,636.3749753548896,2.4248007851229594,1621.2973826100406,1367.0418507581733,5.2893863485349595,2993.2618632068775,2480.553265365106,9.424996767572509,0.9561227416117006,5858.140625
SpikeLoRA-TS-R2-corrected-v1,EC,tcn,2,medium,3487,3421.6822916666665,8343.806640625,1965.3202218012264,1305.9823937571696,4.546689194888436,778.1145866786375,558.2227878772942,1.990945900232343,1223.7868350965123,795.3034597254086,2.8357313705753153,1735.6598835129096,1101.670990576606,3.9040557673044893,2440.2092748594096,1782.7265333739604,6.455992321204768,2870.9170672453374,2291.988197232578,7.546720615125269,0.8803556065385718,5858.140625
SpikeLoRA-TS-R2-corrected-v1,EC,tcn,2,high,3486,3421.6822916666665,8343.806640625,1835.0551720396631,1141.7614207947863,3.7210231277784787,598.6325807519597,478.3406354211489,1.6163788873001543,798.8283561150719,579.2216555955966,1.9652786637633906,1306.008652735022,816.7236400960987,2.6602731063576663,2268.1375418200155,1528.0233220829748,4.826244040239503,2998.4234529572773,2306.4978507781125,7.5369409412316815,0.9213998852553069,5858.14013671875
SpikeLoRA-TS-R2-corrected-v1,EC,patchtst,0,low,3487,3421.6822916666665,8343.806640625,892.6134293987143,568.9988496334599,2.136502624533574,359.53985724579815,269.1196027208202,0.9643657340318366,463.92215194060384,351.4355043061729,1.266940266647525,570.2362102501957,424.25342959116,1.557880590503512,819.7145064510256,602.356460715694,2.2782945947796898,1625.4844792056258,1197.8292508334528,4.615031936705306,0.9875537711499857,4581.224609375
SpikeLoRA-TS-R2-corrected-v1,EC,patchtst,0,medium,3487,3421.6822916666665,8343.806640625,1152.2789150434514,753.9127405138729,2.6286359331607345,471.77073819326074,356.9918239846215,1.2791873869858248,674.7633557279196,493.73207908391885,1.7512559113178439,865.0015051557244,643.0719676432105,2.318949782687352,1253.5101113278997,916.022657258209,3.2821042796551194,1908.2308747887396,1359.745174599405,4.511682305157532,0.9556638944651563,4581.224609375
SpikeLoRA-TS-R2-corrected-v1,EC,patchtst,0,high,3486,3421.6822916666665,8343.806640625,1244.8816519377865,775.8534277735944,2.5778627486370116,452.79418801251836,328.33143623601546,1.1579105112453905,631.611500247089,446.36394685886404,1.553286388042102,1004.9455600531688,699.9698318945425,2.3082305936411607,1719.6653441298824,1154.512361947791,3.6582123661488457,1782.5631821179695,1250.0895619307587,4.21167388410756,0.9495697074010327,4581.224609375
SpikeLoRA-TS-R2-corrected-v1,EC,patchtst,1,low,3487,3421.6822916666665,8343.806640625,897.7198043741506,550.665496397333,2.0683030686805255,336.5075776767978,252.84382561567966,0.936762714361494,429.1055281613596,310.395938261758,1.1398461144433139,571.0757721063173,407.3842693620949,1.50740329464033,832.2166997978782,593.0068384580227,2.2323755963878567,1647.2471456299363,1189.6966102891095,4.525127623569633,0.9777459133926011,4219.2744140625
SpikeLoRA-TS-R2-corrected-v1,EC,patchtst,1,medium,3487,3421.6822916666665,8343.806640625,1096.1790882397156,689.0922554981,2.412142297967918,405.8781133542354,299.1239861897763,1.0519630211694069,602.6132368999727,422.07705741862634,1.4816148118389816,842.420750598905,593.0137054819687,2.1216140401617167,1224.776821385415,860.1790383253872,3.1054564579531063,1808.428109724197,1271.067490074742,4.3000631587163785,0.9515916260395756,4219.2744140625
SpikeLoRA-TS-R2-corrected-v1,EC,patchtst,1,high,3486,3421.6822916666665,8343.806640625,1235.2569704403898,734.8151219834696,2.417830097591223,375.95006850195705,270.44041119836487,0.8965181106865705,552.6830401310547,384.6020342530838,1.2854378811209153,945.6577934092153,612.0089722730206,1.9920305538411034,1734.9680738937395,1084.518635927639,3.3783342639373237,1810.5576595586729,1322.5055562652394,4.536829678370201,0.9496844520940907,4219.2744140625
SpikeLoRA-TS-R2-corrected-v1,EC,patchtst,2,low,3487,3421.6822916666665,8343.806640625,912.586964734239,550.0694457762762,2.0644772382262997,330.45675961851555,250.37790028140236,0.9593894788409425,404.1399364136025,284.40858344386294,1.039726127181459,564.463401818476,392.5005886820691,1.430776613913754,820.4567468275343,578.0026487892529,2.1531888762761495,1702.872830667337,1245.0575076847936,4.739305094919194,0.982104961284772,4391.2001953125
SpikeLoRA-TS-R2-corrected-v1,EC,patchtst,2,medium,3487,3421.6822916666665,8343.806640625,1064.5636714299828,664.8352783553198,2.303496494646804,394.1575039810283,280.3117287200674,0.9934501529890486,585.5720969458611,399.62588834420706,1.3977886914908626,807.4333282184041,564.1854903032693,1.9975188584068455,1181.1533170889925,829.6873627715443,2.952510119994571,1766.6783793288794,1250.3659216375108,4.176214650352691,0.9549182678520218,4391.2001953125
SpikeLoRA-TS-R2-corrected-v1,EC,patchtst,2,high,3486,3421.6822916666665,8343.806640625,1207.5607899427262,737.6164428921041,2.4171762357914552,378.14242837013734,270.5577701430723,0.9039587789948298,566.5170945012574,396.31527785248136,1.3110426242110862,960.9476668390382,635.605895680938,2.0375022641132468,1705.4034154217075,1090.8965488068345,3.375729692702772,1730.6821674716232,1294.7067219771945,4.457647818935342,0.9526678141135972,4391.20068359375
SpikeLoRA-TS-R2-corrected-v1,EC,itransformer,0,low,3487,3421.6822916666665,8343.806640625,934.8734592041403,612.5285351170419,2.2988116524719033,412.6970920058863,313.174850897082,1.1235998879542353,501.3890791582167,371.2613860410095,1.3544295100121795,630.0372939061486,450.81350708882997,1.640337192243115,925.9389404606242,667.4034090909091,2.5470398472618476,1641.317188113989,1259.989522467379,4.828651824888138,0.9886435331230284,5058.42578125
SpikeLoRA-TS-R2-corrected-v1,EC,itransformer,0,medium,3487,3421.6822916666665,8343.806640625,1441.1735793397963,913.4684168429166,3.1206794717727644,612.4876401836713,465.522284220856,1.6142322511886347,830.6860016271658,612.1154567411098,2.1158235670209407,1183.155659310711,823.394308323774,2.8940149725564686,1561.5840165287223,1100.8418624085891,3.9060733419120788,2341.222785516443,1565.4681725202538,5.0732532261857015,0.935933467163751,5058.42578125
SpikeLoRA-TS-R2-corrected-v1,EC,itransformer,0,high,3486,3421.6822916666665,8343.806640625,1657.0039726687844,1005.4172076699656,3.320610873519287,574.5142997341208,433.53507893179864,1.4837570187798248,762.044863926859,565.3320362924914,1.91023688707827,1297.9127560835145,843.6219661010111,2.717612017402366,2330.2179427843053,1462.7141730986446,4.601069830981257,2388.103554849779,1721.882783925882,5.890378613354718,0.938382099827883,5058.42626953125
SpikeLoRA-TS-R2-corrected-v1,EC,itransformer,1,low,3487,3421.6822916666665,8343.806640625,933.2039726798446,646.4813410748853,2.426427481415944,461.10296946702925,361.7616526562948,1.3315817068656939,537.2314048544367,421.14434193074277,1.555794782536587,667.2647734230446,512.193809148265,1.8878303613365857,937.4197288211142,722.1291812670275,2.708181224572994,1590.319690024518,1215.1777203720962,4.648749331767857,0.9924290220820189,5249.80615234375
SpikeLoRA-TS-R2-corrected-v1,EC,itransformer,1,medium,3487,3421.6822916666665,8343.806640625,1417.2942710966088,920.0499099333238,3.178724587029241,657.8560764712224,512.0593790328362,1.8468440819332612,866.9041628319815,649.1225926208059,2.3102786478969284,1074.6935987802938,801.4369393237382,2.8472792902167705,1407.5065703977907,1070.1851413509105,3.8079330697039135,2392.3370858970766,1567.445497338328,5.081287845395332,0.9525093203326642,5249.80615234375
SpikeLoRA-TS-R2-corrected-v1,EC,itransformer,1,high,3486,3421.6822916666665,8343.806640625,1585.134372792426,951.4376621441122,3.153872986373543,598.6123550178685,448.6150702138913,1.5664506550975472,786.9846700689174,574.4803499713138,1.978886153487537,1153.5785194311316,768.7090986714716,2.516690167429072,1966.2953152098019,1269.6855300666953,4.029638449620365,2527.5507135224275,1695.6982617971887,5.677699506233194,0.9491681009753299,5249.80615234375
SpikeLoRA-TS-R2-corrected-v1,EC,itransformer,2,low,3487,3421.6822916666665,8343.806640625,918.356563837933,607.948381264339,2.3142809240070594,426.7826898063825,327.8917749184471,1.2443157088554238,492.4680418724904,373.7078641427086,1.4075928371968673,619.794100782709,451.6558853643892,1.6781722174660025,910.9938258777061,645.9828918124463,2.4504245651389174,1605.6684517622666,1240.5034900837038,4.790899291378085,0.9885288213363923,5087.91259765625
SpikeLoRA-TS-R2-corrected-v1,EC,itransformer,2,medium,3487,3421.6822916666665,8343.806640625,1391.8105218566914,849.0041916851878,2.933950908009759,538.2416927184547,390.02140035757816,1.3769037926047387,783.4201104580155,537.5639008504803,1.8947408064904012,1104.6934553880928,738.097456288536,2.6417831852734697,1476.9897990554248,1020.1072672829438,3.663937522936632,2319.5656829702907,1559.230933646401,5.092389232743556,0.9379409234298824,5087.91259765625
SpikeLoRA-TS-R2-corrected-v1,EC,itransformer,2,high,3486,3421.6822916666665,8343.806640625,1484.0001269711654,815.0790054189974,2.6307667932324823,418.8507287930028,303.4274744065548,1.0251839357598511,610.9896700134314,425.401835018646,1.4233188865128994,1079.2508867779277,672.7200078214644,2.1578223294448593,1949.8282609423925,1170.7769235423839,3.6062717530075714,2344.33889414437,1503.0687863059381,4.941237061437229,0.9541594951233505,5087.91259765625
SpikeLoRA-TS-R2-corrected-v1,EC,snn_tcn,0,low,3487,3421.6822916666665,8343.806640625,4359.475256944586,3552.253593929237,12.45182199546128,4288.560968619421,3552.960791309686,12.499461913587702,4245.007090207347,3513.998738058324,12.381201109434421,4216.50558253649,3469.196635494336,12.209114194829251,4333.205843700632,3500.952410291798,12.308827819458426,4696.561507171078,3724.159394492042,12.860504939996598,0.9517636937195297,16629.78125
SpikeLoRA-TS-R2-corrected-v1,EC,snn_tcn,0,medium,3487,3421.6822916666665,8343.806640625,5938.1187768230875,4743.697926562052,15.715826594090613,5570.743255134461,4498.689765109693,15.129812444276979,5678.912740806548,4576.39087201122,15.361212741778907,5927.433643178719,4750.610916439633,15.920637830829861,6447.759061430467,5096.463233976197,17.046304095191054,6026.19085305369,4796.334845273516,15.121165858376257,0.8433610553484371,16629.78125
SpikeLoRA-TS-R2-corrected-v1,EC,snn_tcn,0,high,3486,3421.6822916666665,8343.806640625,5599.383956032353,4370.818150503801,13.915916850065187,5048.877092477916,4014.9166212842442,12.82724830717866,5049.165981040115,3999.164410992183,12.751583096817567,5056.812289544398,3950.2785270546474,12.545473703125726,5292.844325417992,4016.263892624068,12.578134946210476,7224.59098160753,5873.467300563862,18.877144196993527,0.8656913367756741,16629.78125
SpikeLoRA-TS-R2-corrected-v1,EC,snn_tcn,1,low,3487,3421.6822916666665,8343.806640625,4734.225656904444,3870.2351104324994,13.44343703799679,4990.724383287902,4180.969029497956,14.53148843473239,4931.298895686218,4109.752365370483,14.253064057866908,4830.741199688841,4000.8887346080082,13.8692802499367,4646.428825234328,3746.8789040095353,13.008688816734496,4232.500775851246,3312.6865186765126,11.554663630713435,0.9150559219959851,16169.923828125
SpikeLoRA-TS-R2-corrected-v1,EC,snn_tcn,1,medium,3487,3421.6822916666665,8343.806640625,6444.5819081221825,5224.977570597039,17.07928563593086,6362.540548850229,5215.023388769895,17.10853318495471,6482.908879609236,5313.087314265486,17.413349537835,6710.649903138918,5476.219364447412,17.921461817481234,6925.691051443095,5591.975987260718,18.430714849829926,5670.549480681904,4528.581798241684,14.522368789553447,0.7953541726412389,16169.923828125
SpikeLoRA-TS-R2-corrected-v1,EC,snn_tcn,1,high,3486,3421.6822916666665,8343.806640625,5905.440592041433,4551.460145828851,14.37408999986753,5585.914937769661,4349.063671538834,13.652942928694356,5625.158474381985,4350.356615076377,13.634033320922633,5720.05888982292,4352.343720865605,13.576909560217565,5848.597843275431,4368.159362898021,13.532009674364703,6678.406916423662,5337.377358765419,17.474554515138394,0.8440045897877223,16169.9228515625
SpikeLoRA-TS-R2-corrected-v1,EC,snn_tcn,2,low,3487,3421.6822916666665,8343.806640625,4678.989285575969,3833.2018940887583,13.369792173651632,4549.601039367781,3722.6332258657153,13.034818489937264,4508.626506618041,3678.1317779654787,12.865193723841223,4560.053555661913,3728.887892193325,13.016372704720025,4696.361289360176,3823.5049855938128,13.325535937956618,5058.480333892062,4212.851588825459,14.607040011803043,0.9307714367651276,16256.3759765625
SpikeLoRA-TS-R2-corrected-v1,EC,snn_tcn,2,medium,3487,3421.6822916666665,8343.806640625,6494.439994270543,5203.7364530309005,16.970916811497666,6242.752353249646,5046.020475605822,16.629048225771975,6336.7798571334615,5102.510154345605,16.787862503378065,6643.670037954389,5328.58416025147,17.468333799691464,7090.119963672929,5638.5911633836395,18.486599670254414,6111.7808878952155,4902.976311567967,15.482739858392405,0.7973616289073703,16256.3779296875
SpikeLoRA-TS-R2-corrected-v1,EC,snn_tcn,2,high,3486,3421.6822916666665,8343.806640625,5847.2009201514475,4510.25239451108,14.228112661497564,5357.769123710851,4177.48128843499,13.143626777207487,5354.318258675008,4141.087561742505,13.019107903853792,5449.508090431235,4174.067397939974,13.066795222187633,5689.73612897488,4288.216726840397,13.276341558427207,7176.638722960228,5770.408997597533,18.63469184581171,0.846873207114171,16256.3779296875
