task,mode,fraction,regime,test_rmse_mean,test_rmse_std,test_rmse_ci95_low,test_rmse_ci95_high,test_rmse_n,test_mae_mean,test_mae_std,test_mae_ci95_low,test_mae_ci95_high,test_mae_n,test_smape_mean,test_smape_std,test_smape_ci95_low,test_smape_ci95_high,test_smape_n,picp95_mean,picp95_std,picp95_ci95_low,picp95_ci95_high,picp95_n,mpiw95_mean,mpiw95_std,mpiw95_ci95_low,mpiw95_ci95_high,mpiw95_n
EC,fullft,0.1,high,5964.9785651213215,350.72335557483393,5093.733451157053,6836.2236790855895,3,4694.948156465147,227.95741559543816,4128.670543718394,5261.2257692119,3,14.69917416793857,0.7938015880045003,12.72726170755373,16.671086628323412,3,0.8580034423407917,0.019702702955255363,0.8090592149068337,0.9069476697747497,3,17101.741861979168,1028.6461907139926,14546.443067609882,19657.040656348454,3
EC,fullft,0.1,low,5580.231026853774,79.67495084694495,5382.307476775477,5778.154576932071,3,4912.82251435391,100.69807606151076,4662.674626111908,5162.970402595913,3,17.20300500297721,0.3712404720702243,16.280792546190998,18.125217459763423,3,0.9183825638084313,0.025270722808933894,0.8556066082763474,0.9811585193405152,3,17101.741536458332,1028.6447074770917,14546.446426653769,19657.036646262895,3
EC,fullft,0.1,medium,6414.684286968135,280.6815627665028,5717.432631915489,7111.935942020781,3,5297.718967026336,223.92449378313765,4741.459687441935,5853.978246610737,3,17.42359061565386,0.6286648588602264,15.861900531726327,18.985280699581395,3,0.826861676703948,0.0214790226493011,0.7735048265299408,0.8802185268779551,3,17101.741536458332,1028.6447074770917,14546.446426653769,19657.036646262895,3
EC,fullft,0.2,high,5627.511327003536,185.65441732501486,5166.320187579148,6088.702466427924,3,4322.58362945831,98.61567728798518,4077.608706540461,4567.558552376158,3,13.73961223920339,0.24160156179863368,13.139440688329064,14.339783790077718,3,0.8807611397972844,0.016662922066764493,0.839368146703791,0.9221541328907779,3,17458.948893229168,1242.6900646182805,14371.935639731699,20545.962146726637,3
EC,fullft,0.2,low,5201.1958911569745,322.07479016573717,4401.117758912107,6001.274023401842,3,4518.3030194367775,321.342198604788,3720.044745515752,5316.561293357803,3,16.008363003923282,0.9367665189992801,13.681305967000926,18.335420040845637,3,0.937252652710066,0.0345489639993499,0.85142826833844,1.023077037081692,3,17458.94921875,1242.6895607981721,14371.937216811062,20545.96122068894,3
EC,fullft,0.2,medium,6239.381530318063,75.08553480081424,6052.85872171473,6425.904338921396,3,5096.823806541858,83.13533852180335,4890.304176943276,5303.343436140441,3,16.934084745778033,0.1484513933311716,16.56531104124676,17.30285845030931,3,0.8389064143007361,0.025388671101990917,0.7758374589658362,0.901975369635636,3,17458.94921875,1242.6895607981721,14371.937216811062,20545.96122068894,3
EC,fullft,0.5,high,7209.261790901474,355.077348345343,6327.20075929943,8091.322822503519,3,5739.2489934066625,323.29043543922074,4936.151030893861,6542.346955919464,3,17.668821664116603,0.8113418065920281,15.653336885266679,19.684306442966527,3,0.7952189711225855,0.03081922268878156,0.7186597777955006,0.8717781644496705,3,18097.295572916668,931.5222516216759,15783.266018357359,20411.325127475975,3
EC,fullft,0.5,low,6382.426908911948,388.5240923822361,5417.279559113626,7347.5742587102695,3,5670.708917982566,332.06133218618066,4845.822840095043,6495.594995870089,3,19.421817846285652,0.916525755199326,17.14504165403277,21.698594038538534,3,0.8947328171302935,0.04707910406114014,0.7777818392980465,1.0116837949625406,3,18097.295572916668,931.5222516216759,15783.266018357359,20411.325127475975,3
EC,fullft,0.5,medium,7888.325315128604,398.63647739936187,6898.057408353813,8878.593221903395,3,6645.358012797534,361.4328741464822,5747.508979875073,7543.207045719994,3,21.27029281030345,0.9915468787834811,18.807153815779593,23.733431804827305,3,0.7461428161743618,0.03622300533012856,0.6561598826019713,0.8361257497467524,3,18097.296223958332,931.5213135864157,15783.268999607788,20411.323448308875,3
EC,lora,0.1,high,5999.521223985816,374.8383199763382,5068.371217534996,6930.671230436636,3,4654.938078429791,328.24403933886333,3839.5346816609663,5470.341475198616,3,14.604481680092436,0.8702718230042351,12.442606625120698,16.766356735064175,3,0.8703193727290114,0.017209823317922465,0.8275678016129298,0.913070943845093,3,17914.095052083332,782.2085843028351,15970.981209385902,19857.20889478076,3
EC,lora,0.1,low,5555.575478993426,323.1044492362053,4752.939531821395,6358.211426165458,3,4750.453343370615,287.6165885296588,4035.9741292879658,5464.932557453263,3,16.731009802544758,1.0575624391343303,14.103879064993063,19.358140540096453,3,0.9232004588471465,0.006199479619755048,0.9078000977306763,0.9386008199636168,3,17914.095052083332,782.2085843028351,15970.981209385902,19857.20889478076,3
EC,lora,0.1,medium,6395.717977463774,287.55810824234925,5681.384036468224,7110.051918459325,3,5180.775621616899,223.88000362412785,4624.626861714294,5736.924381519504,3,17.0111606852855,0.6697130298179617,15.347501291884745,18.674820078686256,3,0.8459803078099609,0.022277307571253915,0.7906404079566337,0.9013202076632881,3,17914.095052083332,782.2085843028351,15970.981209385902,19857.20889478076,3
EC,lora,0.2,high,5728.682896628993,364.85785707132857,4822.325734460926,6635.040058797061,3,4407.269510127563,256.7918468880648,3769.36319921081,5045.175821044317,3,14.006651848689794,0.8445595190939017,11.908649697516909,16.104653999862677,3,0.880952380952381,0.024622230020309402,0.8197873708122974,0.9421173910924647,3,17584.895182291668,642.7838714272665,15988.131526794108,19181.65883778923,3
EC,lora,0.2,low,5421.0449866094195,581.2081595797255,3977.2438790383117,6864.846094180528,3,4674.96647462151,586.9738334798321,3216.8426390816703,6133.09031016135,3,16.45623362877397,1.877338302364969,11.792666754213599,21.11980050333434,3,0.9257814740464583,0.017409285233685436,0.882534412063378,0.9690285360295385,3,17584.89453125,642.7828501968387,15988.133412629457,19181.655649870543,3
EC,lora,0.2,medium,6287.4923512426985,533.0676903911975,4963.278798642686,7611.705903842711,3,5138.09959272088,413.2664679790337,4111.488774625024,6164.710410816735,3,17.040967927035812,1.2672019903272496,13.893063674497824,20.1888721795738,3,0.8441258005926775,0.03533687851889665,0.756344128049434,0.931907473135921,3,17584.893229166668,642.7827536972919,15988.132350264288,19181.654108069048,3
EC,lora,0.5,high,7121.990687060104,288.291104391224,6405.835882688589,7838.14549143162,3,5563.774056325749,233.89928043186092,4982.736033060898,6144.812079590601,3,17.21422471765848,0.7116617811857725,15.446358849025401,18.982090586291562,3,0.7900745840504877,0.016277577167004304,0.7496388407545073,0.8305103273464681,3,17363.257161458332,78.04326831527129,17169.38693549052,17557.127387426146,3
EC,lora,0.5,low,6368.450515427168,274.4432281775327,5686.695742585307,7050.20528826903,3,5609.983992739401,249.57945279038216,4989.994261992485,6229.973723486318,3,19.231705607453378,0.8054450744236639,17.230869123358797,21.23254209154796,3,0.8663034126756525,0.020366107764149346,0.8157111963377849,0.9168956290135201,3,17363.366536458332,78.22938998241695,17169.033958638196,17557.69911427847,3
EC,lora,0.5,medium,7774.540903146284,316.92216640129993,6987.262597908958,8561.819208383611,3,6496.425848650643,291.63059076913027,5771.975300229997,7220.87639707129,3,20.85707679057569,0.8211844729717538,18.817141472988016,22.897012108163363,3,0.7339260108976197,0.02731869086215787,0.6660626206921252,0.8017894011031141,3,17363.365885416668,78.23008190149605,17169.031588774254,17557.70018205908,3
EC,spikelora,0.1,high,5979.405703808735,702.9383863664852,4233.209949220464,7725.601458397005,3,4639.788667448814,569.2261752227678,3225.752459080058,6053.824875817569,3,14.617485356930425,1.5455205955913693,10.77819936118265,18.4567713526782,3,0.8695161598776057,0.017189729071262212,0.8268145056374414,0.9122178141177699,3,17876.572265625,1100.8503404880746,15141.908419859272,20611.23611139073,3
EC,spikelora,0.1,low,5579.785374961881,431.666833515109,4507.465514928435,6652.105234995326,3,4799.121864395134,373.92269882867237,3870.246386966879,5727.997341823389,3,16.935810618047086,1.3448806157688673,13.594941962655039,20.276679273439132,3,0.9251314405888538,0.0035636123203350084,0.9162789368339612,0.9339839443437463,3,17876.572265625,1100.8500944170194,15141.909031133659,20611.23550011634,3
EC,spikelora,0.1,medium,6433.530637929558,570.9973011743543,5015.094708792261,7851.966567066855,3,5261.073823438695,513.0862708611577,3986.496868626944,6535.650778250447,3,17.33447120705551,1.5136074410685847,13.57446188195772,21.0944805321533,3,0.846247968645445,0.014081115170905953,0.8112685394263314,0.8812273978645587,3,17876.570963541668,1100.851459139871,15141.904338890825,20611.23758819251,3
EC,spikelora,0.2,high,6162.794153930833,135.03640846741132,5827.345119201772,6498.243188659894,3,4685.1617323834025,162.82000248792704,4280.694423980873,5089.629040785932,3,14.758776728711902,0.5625274723992586,13.361381020646629,16.156172436777176,3,0.8677949894817365,0.015718592064955766,0.8287478421580443,0.9068421368054287,3,18234.613932291668,143.29344030319524,17878.65329339247,18590.574571190868,3
EC,spikelora,0.2,low,5460.484681166339,175.5623235674047,5024.36369243544,5896.605669897239,3,4596.089707940505,155.80914670107416,4209.038330789524,4983.141085091486,3,16.217459436665028,0.5601431834716326,14.825986630640504,17.60893224268955,3,0.9265653379218048,0.008439181201756716,0.9056012496424863,0.9475294262011233,3,18234.613932291668,143.29344030319524,17878.65329339247,18590.574571190868,3
EC,spikelora,0.2,medium,6538.202754135651,348.328230215876,5672.9074613998655,7403.498046871437,3,5284.974267629469,298.43834271592556,4543.612325865756,6026.336209393182,3,17.4311253395438,0.921600911887006,15.141741759170166,19.720508919917435,3,0.8399579390115668,0.029112527878558017,0.7676384106249542,0.9122774673981794,3,18234.613932291668,143.29344030319524,17878.65329339247,18590.574571190868,3
EC,spikelora,0.5,high,6921.439835137201,406.99564422027623,5910.406606824022,7932.47306345038,3,5409.579684941403,293.3957608836133,4680.744210871769,6138.415159011037,3,16.784591687710282,0.792066481656015,14.816989470439557,18.752193904981006,3,0.8071332950851023,0.01249642057332122,0.7760904654774071,0.8381761246927976,3,17368.651041666668,1329.575731517579,14065.801826416748,20671.500256916588,3
EC,spikelora,0.5,low,5956.991993615552,577.1999171014554,4523.147912342431,7390.8360748886735,3,5190.074502728886,622.1776688430331,3644.4994921661523,6735.649513291619,3,17.843573004749036,2.200738733848089,12.376634922355073,23.310511087143,3,0.8847146544307427,0.04614633617339155,0.7700808004847329,0.9993485083767525,3,17368.734375,1329.719317527428,14065.528472328138,20671.94027767186,3
EC,spikelora,0.5,medium,7500.844529191337,365.01262366018153,6594.102905503386,8407.586152879288,3,6226.014102697668,311.15130770746777,5453.071405170695,6998.9568002246415,3,20.095910099392643,0.8251333170713527,18.046165309259454,22.145654889525833,3,0.7619539240990346,0.030198644927773292,0.6869363313911248,0.8369715168069445,3,17368.734375,1329.719317527428,14065.528472328138,20671.94027767186,3
SR,fullft,0.1,high,85.92579911424173,1.691154907525361,81.7247374320984,90.12686079638506,3,58.041170748961925,2.7469822321752195,51.21728859259193,64.86505290533192,3,64.60331870420612,1.112046336822058,61.840842461726865,67.36579494668537,3,0.990870062965083,0.0013776538690966345,0.9874477810351636,0.9942923448950023,3,470.3515116373698,7.38223451707947,452.013024476735,488.68999879800464,3
SR,fullft,0.1,low,39.68450266884826,5.217689489920866,26.723043438893118,52.64596189880341,3,19.463478203052073,1.7623615398793337,15.085529440153689,23.841426965950458,3,191.80703726284443,0.19017047693433203,191.33462760943615,192.2794469162527,3,0.9961567732115677,0.001231585623936262,0.993097344917936,0.9992162015051994,3,302.1378173828125,5.830940685010683,287.6529577323777,316.6226770332473,3
SR,fullft,0.1,medium,99.65242522858347,3.4942219927826113,90.97229660319236,108.33255385397457,3,62.673308518977215,1.4111725807424713,59.16776149341025,66.17885554454418,3,82.04121015871193,0.4776458926296014,80.8546719839828,83.22774833344107,3,0.9783773495122533,0.003246458997576524,0.9703126982868222,0.9864420007376844,3,451.0882873535156,8.561871339731107,429.81941987559884,472.3571548314324,3
SR,fullft,0.2,high,97.69199037751919,15.009354918520508,60.406685795839145,134.97729495919924,3,66.68198603342744,12.775582692855666,34.945679276913125,98.41829278994175,3,67.12706785785552,1.2745062060023304,63.96101892770453,70.29311678800651,3,0.988504102270559,0.0036236677921994706,0.9795024124532128,0.9975057920879051,3,490.94370524088544,19.81846396710862,441.711911511836,540.1754989699349,3
SR,fullft,0.2,low,45.658924757940106,7.274422479109073,27.58825754660487,63.72959196927535,3,23.28971490584189,3.992399896817516,13.372043761892275,33.20738604979151,3,191.372589213351,0.19830591549689192,190.8799700102081,191.8652084164939,3,0.9952054794520548,0.0019993470191937146,0.9902388261228616,1.000172132781248,3,322.2564188639323,10.089835488572863,297.19187802172223,347.3209597061424,3
SR,fullft,0.2,medium,99.01517983125092,0.23070391673040402,98.44207953145951,99.58828013104232,3,63.353935064315344,1.8863415463645083,58.6680028918079,68.03986723682279,3,82.7906110696789,0.526846806034341,81.48185105051,84.0993710888478,3,0.9825172495836307,0.0043506693771708975,0.9717095877125771,0.9933249114546844,3,468.7830505371094,18.632836732633695,422.4965181332608,515.069582940958,3
SR,fullft,0.5,high,105.1660339146996,19.768696454717738,56.05786953999878,154.27419828940043,3,73.0431479152162,18.5843095583776,26.877163694980375,119.20913213545202,3,67.28864769842416,3.8588631125197974,57.702700316250265,76.87459508059806,3,0.9903358137759969,0.0013339523992374077,0.9870220923154125,0.9936495352365813,3,513.8585001627604,33.498003201199225,430.6448471433593,597.0721531821614,3
SR,fullft,0.5,low,92.45376067330375,22.61161189144917,36.283402850988736,148.62411849561875,3,42.32298668174802,9.700496400830648,18.225617750044883,66.42035561345116,3,192.05247210182247,0.32370735352030183,191.24833845738175,192.8566057462632,3,0.9719653729071537,0.016766165917366925,0.9303159078708756,1.0136148379434318,3,352.4136962890625,30.252078602595443,277.26336697445123,427.56402560367377,3
SR,fullft,0.5,medium,112.72485126236768,15.222916773357218,74.90902962330298,150.54067290143237,3,73.93396445209686,12.786309190785866,42.171011597559456,105.69691730663426,3,84.51373945377566,2.4472168128980605,78.43451588010147,90.59296302744984,3,0.9795574589578872,0.0033877219691526377,0.9711418910574943,0.98797302685828,3,494.71800740559894,32.08884346747768,415.00490122257224,574.4311135886256,3
SR,lora,0.1,high,78.18981683159814,11.711043034418362,49.097973186228984,107.28166047696729,3,51.62216099384426,9.746543789056277,27.41040400852365,75.83391797916488,3,63.83637301482625,2.0308474182588916,58.79146835638106,68.88127767327144,3,0.9898778858996374,0.000876242129609241,0.9877011797808777,0.9920545920183972,3,446.09401448567706,40.42666935187474,345.66860058946827,546.5194283818859,3
SR,lora,0.1,low,39.747410164201206,1.4026657118201822,36.26299537253275,43.23182495586966,3,18.97159763071998,1.4575239258422943,15.350907480801615,22.592287780638348,3,191.75116459445255,0.13290125593656174,191.42101957264563,192.08130961625946,3,0.9951579147640791,0.0007119466226053191,0.9933893413101339,0.9969264882180243,3,285.0487874348958,24.919168087169705,223.14614224487934,346.9514326249123,3
SR,lora,0.1,medium,89.48556365073466,2.397974323035444,83.52866520314717,95.44246209832215,3,55.49852209903954,3.291456422442596,47.32209107356839,63.674953124510694,3,81.10607386530461,0.928267338928903,78.80012996211377,83.41201776849545,3,0.9799666904591957,0.0028740744935600695,0.9728270936234519,0.9871062872949395,3,427.62978108723956,37.52412483011206,334.4146874974864,520.8448746769927,3
SR,lora,0.2,high,94.30117137658503,13.210635579137849,61.48413333866472,127.11820941450534,3,60.288154443305224,8.795434044108237,38.439085043393995,82.13722384321645,3,65.15487607492896,2.062114045769605,60.032300807966124,70.2774513418918,3,0.9860427399351268,0.003943643514384961,0.9762461863594649,0.9958392935107887,3,512.2512003580729,20.808543663091132,460.55991231862544,563.9424883975204,3
SR,lora,0.2,low,43.03835269415922,3.5525165387142947,34.21341238883166,51.86329299948679,3,23.071053007567127,1.8488456434433358,18.478265821541147,27.663840193593106,3,191.76817400482363,0.10739810974196759,191.5013823102462,192.03496569940106,3,0.9969368340943684,0.0003832427145830528,0.9959848064143308,0.9978888617744059,3,333.47520955403644,15.348929185862422,295.3463557289228,371.6040633791501,3
SR,lora,0.2,medium,91.08036268263994,3.8105829011052723,81.61434999437067,100.54637537090922,3,57.316418546340365,2.6822993082635334,50.65321768056367,63.97961941211706,3,81.18817726144306,0.3117807908727538,80.41367084104631,81.9626836818398,3,0.9863240542469666,0.0009158609525964179,0.9840489295159304,0.9885991789780028,3,489.9172770182292,22.33579899727143,434.4320764077196,545.4024776287388,3
SR,lora,0.5,high,135.89849327628272,8.978626438198415,113.5943487417119,158.20263781085356,3,94.64746941492045,1.0148964939932967,92.12632676069975,97.16861206914115,3,71.80567841576568,2.115241825147026,66.55112642851148,77.06023040301989,3,0.9787731348979202,0.011564461617845011,0.9500454196772982,1.0075008501185423,3,586.1754760742188,85.68919973090534,373.31170353560844,799.039248612829,3
SR,lora,0.5,low,110.27951168509365,52.31338287958294,-19.67413555370196,240.23315892388928,3,55.800785802815064,23.18650624039464,-1.7976887519698437,113.39926035759997,3,192.38874714376118,0.47168399382949966,191.21701914667483,193.56047514084753,3,0.9693493150684932,0.024081634661470876,0.9095272182460808,1.0291714118909057,3,411.8972574869792,75.9580142600383,223.20708975628702,600.5874252176714,3
SR,lora,0.5,medium,128.90740898177316,24.800471433473977,67.29962262545715,190.51519533808917,3,84.91085691682106,11.84210117514467,55.49344680164584,114.32826703199629,3,86.15631326198978,2.355680635861732,80.30447815767818,92.00814836630138,3,0.9754841779681179,0.013886647370248625,0.9409878335463323,1.0099805223899037,3,564.5147806803385,87.40984637084694,347.3766849349057,781.6528764257713,3
SR,spikelora,0.1,high,73.37086934780572,8.022452185777576,53.44199333264875,93.2997453629627,3,49.158909851857395,7.6950609704723965,30.04331870112571,68.27450100258908,3,65.0093159364832,3.039999903706855,57.45753753206122,72.56109434090519,3,0.9908986834573555,0.0014232761029371896,0.9873630696158601,0.994434297298851,3,424.31740315755206,18.68100446205983,377.91121548054815,470.723590834556,3
SR,spikelora,0.1,low,36.200830688833115,3.6237599169333423,27.19891202096131,45.20274935670492,3,15.938726616413808,1.1027747281241802,13.199282326749262,18.678170906078353,3,191.853067700058,0.31430507852937384,191.07229060149822,192.6338447986178,3,0.9955384322678843,0.0012355471318848284,0.9924691630429623,0.9986077014928063,3,268.1390075683594,10.833830180952605,241.2262814534896,295.05173368322914,3
SR,spikelora,0.1,medium,87.73123300793328,2.5146806568261475,81.48441995537978,93.97804606048679,3,54.00682253561444,4.488097656671736,42.85776989279606,65.15587517843282,3,81.09834888980173,1.8445560145258308,76.51621773273901,85.68048004686445,3,0.9792529145848204,0.0026332558315423,0.9727115444690808,0.9857942847005601,3,408.1033630371094,16.74109323852742,366.5161819878703,449.69054408634844,3
SR,spikelora,0.2,high,80.39516869282504,18.07603667133242,35.49180431914272,125.29853306650736,3,51.516161647549886,13.668121396004763,17.56266583937365,85.46965745572612,3,64.61635237764071,2.941070126298348,57.310329164091215,71.9223755911902,3,0.9879507727532912,0.0019214136797364042,0.9831777165716442,0.9927238289349383,3,456.8696797688802,47.86825564970384,337.9583407152187,575.7810188225417,3
SR,spikelora,0.2,low,38.37746369280066,3.5848219827504724,29.472272215648978,47.28265516995234,3,19.912832744734835,2.7372844908226037,13.11304111337737,26.7126243760923,3,191.89851322124989,0.09078291248626504,191.67299596476303,192.12403047773674,3,0.9964897260273973,0.0017196854903176648,0.9922177904486023,1.0007616616061923,3,295.27671305338544,32.04145427588361,215.68132814832546,374.8720979584454,3
SR,spikelora,0.2,medium,86.74353563266982,3.047893315460915,79.17214890643544,94.3149223589042,3,52.30763768227192,3.411611932128084,43.83272382392016,60.78255154062367,3,80.43740376973854,1.099978355137599,77.70490605566599,83.16990148381109,3,0.9823554603854389,0.005253080088899653,0.9693060860339202,0.9954048347369575,3,438.0790710449219,42.6962338984222,332.01574626945285,544.1423958203909,3
SR,spikelora,0.5,high,132.83586253519317,18.434306653468195,87.04250618791029,178.62921888247604,3,93.53242897145782,13.401062680362008,60.24234379005314,126.8225141528625,3,71.82951065923062,3.4518412306075357,63.254661683410035,80.40435963505121,3,0.9774279717611143,0.01008742773969271,0.9523694120986977,1.0024865314235307,3,543.5460408528646,36.71887045953822,452.3313100125809,634.7607716931483,3
SR,spikelora,0.5,low,82.72053260477539,43.09956185432439,-24.34471435614104,189.78577956569183,3,40.37752303162666,23.053536142828875,-16.890635489264106,97.64568155251743,3,192.347252420849,0.3391542877321001,191.5047464646023,193.1897583770957,3,0.9793283866057839,0.019802529490482185,0.9301361763110387,1.028520596900529,3,366.38941446940106,44.18131291328271,256.6369489082337,476.1418800305684,3
SR,spikelora,0.5,medium,122.34294954581894,16.193910050973802,82.11504688800073,162.57085220363714,3,80.92798435542461,9.434811492332404,57.49061332435672,104.3653553864925,3,86.47575268647999,0.8109380419698528,84.46127091455467,88.49023445840531,3,0.981346657149655,0.008072036210488272,0.9612946075888154,1.0013987067104946,3,516.2206319173177,39.79904290793799,417.35432853936464,615.0869352952709,3
WP,fullft,0.1,high,1022.5873929104526,58.91479132181935,876.2349380098337,1168.9398478110716,3,732.8887653410403,45.83050551236811,619.0394782505962,846.7380524314844,3,84.2137878644491,0.2531519400682212,83.58492358333066,84.84265214556754,3,0.9443651532388734,0.010583683664314248,0.9180738255194403,0.9706564809583065,3,3431.7194010416665,82.07825784849788,3227.8257054079722,3635.613096675361,3
WP,fullft,0.2,high,976.6957840794148,34.56671222193428,890.8273106787509,1062.5642574800786,3,714.618530815888,24.07342469243366,654.816828687173,774.420232944603,3,83.76697258984447,0.490354557349893,82.54886434181806,84.98508083787088,3,0.9573551211776468,0.0030988588175137866,0.9496571291257662,0.9650531132295274,3,3574.8646647135415,195.5132465832682,3089.1828357353224,4060.5464936917606,3
WP,fullft,0.5,high,982.7110232679523,34.93878357398587,895.9182733902067,1069.503773145698,3,720.339191040582,9.789683593951723,696.0202688390444,744.6581132421196,3,83.81932917707587,0.9754476111359408,81.39618298044634,86.2424753737054,3,0.9409108146309512,0.007911966707619266,0.9212563997586846,0.9605652295032178,3,3337.8436686197915,135.21267124869732,3001.956772868565,3673.730564371018,3
WP,lora,0.1,high,966.8915332151764,28.85060914313795,895.2226470366268,1038.560419393726,3,707.7546112257286,15.744771037322757,668.6424317295255,746.8667907219317,3,84.28311830161093,0.44276279773323063,83.18323453841535,85.3830020648065,3,0.9525355948564139,0.01564854971170925,0.913662442383839,0.9914087473289889,3,3410.2215983072915,143.0993692995325,3054.7430585070406,3765.7001381075424,3
WP,lora,0.2,high,998.3081245081895,14.420045041143853,962.4867468167896,1034.1295021995893,3,775.7674563833561,20.395842925745665,725.101373809203,826.4335389575093,3,84.18755573428552,0.2205762125018185,83.63961404650149,84.73549742206956,3,0.9526872823801152,0.01219466251037423,0.9223940613564021,0.9829805034038284,3,3552.880859375,154.72993297743685,3168.5103977339113,3937.2513210160887,3
WP,lora,0.5,high,989.6050023191023,38.375495248592365,894.2749873661597,1084.935017272045,3,722.0207925174009,24.218893819789002,661.8577250435316,782.1838599912702,3,83.62306438885568,0.7010790676027595,81.88148743812648,85.36464133958488,3,0.9368152514910193,0.012858763589829684,0.9048723119314371,0.9687581910506015,3,3290.3738606770835,69.65166566648584,3117.3495313108847,3463.3981900432823,3
WP,spikelora,0.1,high,970.8951773657355,41.22495501026598,868.4867119607921,1073.3036427706788,3,709.2620619726489,22.383880532937745,653.6574202061532,764.8667037391446,3,84.33847216035113,0.8575046132025925,82.20831261272109,86.46863170798117,3,0.9533629813493295,0.015972006384936652,0.913686317956683,0.993039644741976,3,3428.472900390625,295.4821929967064,2694.4544416259137,4162.491359155337,3
WP,spikelora,0.2,high,975.2492628043142,40.409011651402594,874.8677130677505,1075.630812540878,3,725.5412915770466,51.25429823451728,598.2185564449617,852.8640267091316,3,84.44667342460461,0.32638011281775264,83.63590027799876,85.25744657121047,3,0.9437721929189506,0.008497704719234703,0.9226627241628426,0.9648816616750587,3,3317.9561360677085,107.85514407411654,3050.0291052702505,3585.8831668651665,3
WP,spikelora,0.5,high,1015.4086243133514,9.078454921317762,992.85649207916,1037.9607565475428,3,741.5815681373616,12.393253427797042,710.7950199264734,772.3681163482498,3,83.77753999953849,0.5638122414265616,82.37695274828164,85.17812725079534,3,0.9381114903299204,0.01111494135991799,0.9105004453341967,0.965722535325644,3,3307.40771484375,139.3412849756186,2961.2647740363554,3653.5506556511446,3
WS,fullft,0.1,high,0.6989584519027344,0.0633908908299247,0.5414867494126218,0.8564301543928471,3,0.547908299612638,0.04923456670880074,0.4256028557311344,0.6702137434941415,3,32.57094813679917,2.1824797211399902,27.14936795645216,37.992528317146174,3,0.8756461744413552,0.026459722464907492,0.8099165800246456,0.9413757688580647,3,2.0982654094696045,0.04037362675962658,1.9979717606771268,2.198559058262082,3
WS,fullft,0.1,low,0.7559960919944197,0.007546618437723877,0.7372492525373118,0.7747429314515277,3,0.5882625014258488,0.008140329495776642,0.5680408019395671,0.6084842009121305,3,43.211008495174404,0.671153093746552,41.54377178466135,44.878245205687456,3,0.8322321224583048,0.015587008415369065,0.7935118470407966,0.870952397875813,3,2.0998993714650473,0.0415225622391031,1.9967516087196693,2.203047134210425,3
WS,fullft,0.1,medium,0.6650324258548964,0.029963334151054292,0.5905993775214082,0.7394654741883846,3,0.5256297340666035,0.02411377491365387,0.4657277964316792,0.5855316717015279,3,34.81359453973948,1.2592078727283995,31.68554877620072,37.94164030327825,3,0.8962758112094394,0.010028172461084795,0.8713644498192313,0.9211871725996476,3,2.099843422571818,0.04129745478930994,1.99725485773166,2.2024319874119755,3
WS,fullft,0.2,high,0.7291834688094313,0.0883551674203132,0.5096970653953371,0.9486698722235255,3,0.5644069961067234,0.06726635673969848,0.39730810259965815,0.7315058896137887,3,33.41474655985538,3.55477125540053,24.58420522777829,42.24528789193247,3,0.8581711461229533,0.03205672691039829,0.7785378218905381,0.9378044703553685,3,2.103563149770101,0.16630722845788543,1.6904330918263097,2.5166932077138924,3
WS,fullft,0.2,low,0.6869381160518387,0.11871947016289668,0.3920226031048237,0.9818536289988538,3,0.524391642502516,0.07098466700357019,0.3480559542450933,0.7007273307599388,3,39.40711052814588,3.2708303203305524,31.28191758077703,47.53230347551472,3,0.8843408727438885,0.044289049389327484,0.7743207749396506,0.9943609705481264,3,2.103054642677307,0.16349695788182766,1.6969056838516368,2.5092036015029775,3
WS,fullft,0.2,medium,0.6675511292911663,0.08005204530106902,0.4686908246584993,0.8664114339238334,3,0.5275816135965617,0.05558989342623248,0.38948866294598716,0.6656745642471363,3,34.76920044824014,2.9523055235412166,27.43526696069349,42.10313393578679,3,0.8973451327433629,0.02437853017965478,0.8367855065677894,0.9579047589189364,3,2.109284003575643,0.16910163909869685,1.6892122447769817,2.5293557623743044,3
WS,fullft,0.5,high,0.7112312406255038,0.04022373686561454,0.611309938971347,0.8111525422796606,3,0.563346790337511,0.03407767614809979,0.47869314989025064,0.6480004307847713,3,33.63568807533667,1.9931405496903933,28.684452471093337,38.586923679579996,3,0.8064771908145402,0.0343511057281202,0.7211443136360515,0.8918100679930289,3,1.845590631167094,0.021471358428798434,1.7922528199722685,1.8989284423619195,3
WS,fullft,0.5,low,0.5454893348852657,0.06026502812295995,0.3957827058271819,0.6951959639433496,3,0.4263764008708759,0.044457056458237026,0.31593895037092434,0.5368138513708275,3,34.30925712796603,2.5693014115525146,27.926758598754166,40.69175565717789,3,0.9115101667809001,0.03755353159737332,0.8182220227316135,1.0047983108301868,3,1.8464858134587605,0.02061994811494626,1.7952630227327222,1.8977086041847988,3
WS,fullft,0.5,medium,0.6243026418500892,0.030588517153626336,0.5483165528431858,0.7002887308569926,3,0.49562556740105324,0.022147450673297917,0.4406082499650654,0.550642884837041,3,33.10818630811267,1.3066222749035779,29.86235664005191,36.35401597617343,3,0.8635785398230089,0.027614226221447977,0.7949809990863552,0.9321760805596626,3,1.8474509716033936,0.020776577861899157,1.7958390910161723,1.8990628521906148,3
WS,lora,0.1,high,0.6278626432130491,0.09448850949105912,0.3931401734621389,0.8625851129639592,3,0.4738192430639743,0.08478315760369114,0.2632062039419834,0.6844322821859652,3,29.148110937995455,5.041173927104366,16.625140674338176,41.67108120165273,3,0.890660076202245,0.040041902044097744,0.7911904772855218,0.9901296751189681,3,1.9851726690928142,0.06782696699393026,1.8166811425116351,2.1536641956739935,3
WS,lora,0.1,low,0.7223706139991414,0.18468043799528594,0.2635989733581683,1.1811422546401145,3,0.5594530137935566,0.14219608895152652,0.20621834677004253,0.9126876808170707,3,41.42267696760621,7.113926291591985,23.75070438826938,59.09464954694303,3,0.8362714187799863,0.1035951606073295,0.5789267735636761,1.0936160639962966,3,1.987934152285258,0.06770971996916604,1.8197338834598826,2.1561344211106332,3
WS,lora,0.1,medium,0.6488717729268477,0.10502103144448759,0.38798506819191186,0.9097584776617835,3,0.5073931118116266,0.08890812716637354,0.28653308023928103,0.7282531433839722,3,33.795926975097835,4.880792910777958,21.671365242340897,45.92048870785477,3,0.8846423303834808,0.04373389999360343,0.7760013001287993,0.9932833606381624,3,1.9878374735514324,0.06750236582688131,1.8201523009705878,2.155522646132277,3
WS,lora,0.2,high,0.6618145993074301,0.07831702033962099,0.467264335612271,0.8563648630025893,3,0.5109582078977368,0.0766393856999946,0.3205754196773606,0.7013409961181131,3,30.974446494972444,4.42097464761948,19.99213665026486,41.95675633968003,3,0.8812995572031715,0.008828227396127227,0.8593690246008162,0.9032300898055269,3,2.0610580841700235,0.2790697236401225,1.3678104594764435,2.7543057088636034,3
WS,lora,0.2,low,0.733979783979256,0.2156444620898193,0.19828924337846,1.269670324580052,3,0.5667745805434884,0.15647585492421923,0.17806700835267886,0.9554821527342979,3,41.564098373588386,7.38807642097476,23.211099119179014,59.91709762799776,3,0.8517614804660726,0.0787208564679984,0.6562080322150563,1.0473149287170889,3,2.056424617767334,0.27078388229739936,1.3837601640265376,2.72908907150813,3
WS,lora,0.2,medium,0.6584080134994416,0.11492770537880327,0.37291176644656304,0.94390426055232,3,0.5169859724113811,0.0995940496503618,0.26958063781204855,0.7643913070107137,3,34.14209880825843,5.2918886850806315,20.996318559427674,47.287879057089185,3,0.8940173303834807,0.01771708878344075,0.8500056419946522,0.9380290187723093,3,2.06021257241567,0.27676774664390225,1.3726833755899115,2.7477417692414283,3
WS,lora,0.5,high,0.7127742349188182,0.037828814812443934,0.6188022494535712,0.8067462203840652,3,0.5639659187296812,0.03810423040276079,0.4693097630101326,0.6586220744492297,3,34.024495611750794,2.1456837617941087,28.694321661653788,39.3546695618478,3,0.839460405725466,0.013378771020060184,0.8062256960980739,0.872695115352858,3,1.9675052960713704,0.10637561062383422,1.7032536301135095,2.2317569620292312,3
WS,lora,0.5,low,0.6531098326703133,0.044334899293618446,0.5429758373897475,0.7632438279508791,3,0.5147085466944846,0.0355226793430415,0.42646531931711434,0.602951774071855,3,39.6803989268611,1.974317982937492,34.775921170520014,44.58487668320219,3,0.8682933516106922,0.009572202912244405,0.8445146813721542,0.8920720218492302,3,1.9681677023569744,0.10278135664010939,1.7128446582655825,2.223490746448366,3
WS,lora,0.5,medium,0.6534562910469747,0.04588014626571317,0.5394836894891079,0.7674288926048415,3,0.5274805861214796,0.04553882811569036,0.41435586585177886,0.6406053063911804,3,35.18714366269842,2.6427224821752633,28.62225708311776,41.752030242279076,3,0.8783554572271387,0.009862065850458318,0.8538567275325537,0.9028541869217237,3,1.9696949323018391,0.10431574077786979,1.7105602667095723,2.228829597894106,3
WS,spikelora,0.1,high,0.5967231112872592,0.08964241479835602,0.3740390081170567,0.8194072144574617,3,0.4486588923892576,0.08289676488967108,0.24273191254727688,0.6545858722312383,3,27.120123422818256,4.581625955397467,15.738733606022315,38.5015132396142,3,0.9106992070847492,0.02064428298370003,0.8594159651935298,0.9619824489759685,3,2.010103782018026,0.16657413199011864,1.596310698944423,2.4238968650916286,3
WS,spikelora,0.1,low,0.6313925979719982,0.1149365099455103,0.34587447916292746,0.916910716781069,3,0.491113636579202,0.09219078565438685,0.2620990292620863,0.7201282438963177,3,37.85666544741161,5.256753166681354,24.798166664857312,50.9151642299659,3,0.8972264107836417,0.039606377839694264,0.7988387139674439,0.9956141075998396,3,2.0149282614390054,0.1667194484779819,1.6007741921977667,2.4290823306802443,3
WS,spikelora,0.1,medium,0.5988545806954689,0.06929382913106069,0.4267191665615506,0.7709899948293872,3,0.46262897274410214,0.056562947710435636,0.3221188212505882,0.6031391242376161,3,31.033408078570798,3.2649248443903023,22.922885146690778,39.143931010450814,3,0.915606563421829,0.013295128366615293,0.8825796336641677,0.9486334931794903,3,2.0145602226257324,0.16679861660616926,1.6002094888516973,2.4289109563997675,3
WS,spikelora,0.2,high,0.6547409790183494,0.11565584489982374,0.36743593312191053,0.9420460249147882,3,0.5074883177951661,0.09756448420322165,0.2651247032614773,0.7498519323288549,3,30.73320999181873,5.298629913972481,17.570683602074396,43.89573638156306,3,0.8854700854700854,0.05016535744733994,0.7608524292132574,1.0100877417269136,3,2.0455602010091147,0.13647824636534503,1.7065294423836102,2.3845909596346195,3
WS,spikelora,0.2,low,0.6815666345094842,0.13627640732255236,0.3430372718618782,1.0200959971570902,3,0.5376941374297662,0.09973396280231779,0.2899412392932942,0.7854470355662383,3,40.73380140736773,5.072660113952764,28.1326151195621,53.33498769517335,3,0.8766004112405757,0.07203874367342993,0.6976462513765107,1.0555545711046408,3,2.0479383865992227,0.13506948445402647,1.7124071865644586,2.3834695866339866,3
WS,spikelora,0.2,medium,0.6506707477200947,0.11111685871852885,0.3746411685695844,0.926700326870605,3,0.5237363301354919,0.10078491512574098,0.27337272169918514,0.7740999385717987,3,34.89987531015634,5.691200314680041,20.762149983509502,49.03760063680318,3,0.8952710176991151,0.04890283766879043,0.7737896344359736,1.0167524009622566,3,2.048692544301351,0.13714728029584092,1.7079998132586818,2.3893852753440203,3
WS,spikelora,0.5,high,0.7076422992819804,0.03682910643104036,0.6161537271077002,0.7991308714562606,3,0.5579020366549873,0.03406033354187931,0.47329147762985874,0.6425125956801159,3,33.597768472580476,2.254817041586073,27.996492426548613,39.19904451861234,3,0.8229430542683556,0.01742029005996786,0.7796686547812963,0.8662174537554148,3,1.8862414757410686,0.08424223931810824,1.6769721521312528,2.0955107993508846,3
WS,spikelora,0.5,low,0.6296588312799584,0.08440682501584566,0.4199806541315834,0.8393370084283334,3,0.4973013741283186,0.06807141666474463,0.3282026009012521,0.6664001473553851,3,38.763653930515815,4.032056914718658,28.747469292863634,48.779838568167996,3,0.8620881882567969,0.052304529942577525,0.7321565329326759,0.9920198435809179,3,1.8849013646443684,0.0831417252686009,1.678365869487211,2.091436859801526,3
WS,spikelora,0.5,medium,0.6466070900146161,0.05992177746817996,0.4977531428526437,0.7954610371765886,3,0.5206565550229015,0.055738212718610076,0.3821951588247562,0.6591179512210469,3,34.820303572884995,3.3454197176127303,26.50982029083306,43.13078685493693,3,0.8643897492625369,0.035274673023181144,0.7767626037370765,0.9520168947879972,3,1.887413779894511,0.0847963911877602,1.676767866727273,2.098059693061749,3
