task,mode,fraction,test_rmse_mean,test_rmse_std,test_rmse_ci95_low,test_rmse_ci95_high,test_rmse_n,test_mae_mean,test_mae_std,test_mae_ci95_low,test_mae_ci95_high,test_mae_n,test_smape_mean,test_smape_std,test_smape_ci95_low,test_smape_ci95_high,test_smape_n,picp95_mean,picp95_std,picp95_ci95_low,picp95_ci95_high,picp95_n,mpiw95_mean,mpiw95_std,mpiw95_ci95_low,mpiw95_ci95_high,mpiw95_n,train_time_sec_mean,train_time_sec_std,train_time_sec_ci95_low,train_time_sec_ci95_high,train_time_sec_n,trainable_ratio_mean,trainable_ratio_std,trainable_ratio_ci95_low,trainable_ratio_ci95_high,trainable_ratio_n
EC,fullft,0.1,5998.201733705199,189.34805844605157,5527.835081078486,6468.568386331913,3,4968.522697802143,113.67425472613057,4686.140194785348,5250.905200818937,3,16.44208987300195,0.3335910516370111,15.613403761338269,17.270775984665633,3,0.8677501593371574,0.016785174839088767,0.8260534735215709,0.9094468451527439,3,17101.741666666665,1028.6447738682573,14546.446391937303,19657.03694139603,3,12.74875040933451,5.999641297526131,-2.155184794640139,27.65268561330916,3,1.0,0.0,1.0,1.0,3
EC,fullft,0.2,5706.672243457459,156.5681131456302,5317.735489139626,6095.608997775293,3,4645.934395265695,154.16371838615734,4262.970488643729,5028.89830188766,3,15.560860761861521,0.37320873196499704,14.63375887644424,16.487962647278803,3,0.885640535372849,0.024704432026570168,0.8242713241290339,0.9470097466166641,3,17458.9484375,1242.6893461806292,14371.936968700593,20545.959906299406,3,11.600184836999688,2.3300503261728283,5.812018951549337,17.38835072245004,3,1.0,0.0,1.0,1.0,3
EC,fullft,0.5,7186.87719560393,368.39584966966925,6271.73117259854,8102.02321860932,3,6018.465332566523,328.1420517547888,5203.3152870014255,6833.615378131621,3,19.453814740022626,0.8815213126611071,17.26399440355665,21.6436350764886,3,0.8120331421287444,0.037789236570923465,0.7181594744658221,0.9059068097916668,3,18097.295833333334,931.5234356333923,15783.263337525868,20411.328329140797,3,24.806827685668395,4.000512597610369,14.869003475735358,34.744651895601436,3,1.0,0.0,1.0,1.0,3
EC,lora,0.1,5996.202663604654,243.83343106834215,5390.486842109817,6601.918485099491,3,4862.075482057142,180.8385271002926,4412.847677155488,5311.303286958796,3,16.11569518430845,0.5383001932147817,14.778483374117693,17.45290699449921,3,0.8798342893562779,0.01104959612283554,0.852385570928272,0.9072830077842838,3,17914.095052083332,782.20850194129,15970.981413983322,19857.208690183343,3,7.046553548001005,1.1141063816199628,4.278959870551448,9.814147225450562,3,0.0147234747400386,0.0,0.0147234747400386,0.0147234747400386,3
EC,lora,0.2,5827.66827914294,422.29773364008287,4778.622553433915,6876.714004851966,3,4740.143679648911,361.2465899265931,3842.7574023821744,5637.529956915647,3,15.834792559239132,1.17548923830868,12.914715412636056,18.754869705842207,3,0.8836201402166987,0.020644857466559297,0.8323354712309439,0.9349048092024534,3,17584.894791666666,642.7828614454309,15988.133645103071,19181.65593823026,3,16.57719477066712,7.4392043768248906,-1.9028133669926923,35.05720290832693,3,0.0147234747400386,0.0,0.0147234747400386,0.0147234747400386,3
EC,lora,0.5,7112.7095482538325,249.02472883675426,6494.097828199718,7731.321268307947,3,5890.092493047672,236.2913199425143,5303.112314226484,6477.07267186886,3,19.10118275216872,0.7056231484874811,17.34831767874869,20.854047825588754,3,0.7967686424474189,0.01828472798506838,0.7513468601111768,0.8421904247836609,3,17363.329349431366,78.16790335411977,17169.149512863347,17557.509185999384,3,29.747613157333642,11.445196869706962,1.3161679952400824,58.1790583194272,3,0.0147234747400386,0.0,0.0147234747400386,0.0147234747400386,3
EC,spikelora,0.1,6008.9678695961675,559.2825601433805,4619.632970436941,7398.302768755394,3,4900.0196613960925,471.07544682458905,3729.803378873995,6070.23594391819,3,16.296082856442847,1.4074932451014588,12.799675807295792,19.792489905589903,3,0.8802995538559593,0.011506709529355006,0.8517153027762858,0.9088838049356327,3,17876.572395833333,1100.8490741931043,15141.911695718694,20611.233095947973,3,9.816616370999933,2.372985909931284,3.9217925827605082,15.711440159239357,3,0.0147234747400386,0.0,0.0147234747400386,0.0147234747400386,3
EC,spikelora,0.2,6072.567594168201,122.60554936145932,5767.998525333308,6377.136663003094,3,4855.424845306027,118.96745944995803,4559.893292818921,5150.956397793134,3,16.13591881366443,0.37185324123069674,15.212184153898109,17.059653473430746,3,0.8781070745697898,0.010777241183903255,0.8513349233165587,0.9048792258230208,3,18234.614322916666,143.29381498701702,17878.652753251255,18590.575892582077,3,17.50831714866581,3.477404368662909,8.869965817571979,26.14666847975964,3,0.0147234747400386,0.0,0.0147234747400386,0.0147234747400386,3
EC,spikelora,0.5,6826.776255434964,361.3234002118178,5929.199170842053,7724.353340027875,3,5608.575119390834,328.75764159323234,4791.895863893107,6425.25437488856,3,18.241497534177828,1.0566526303183745,15.616626887016302,20.866368181339354,3,0.8179349904397705,0.029507842934064357,0.7446334450157641,0.8912365358637768,3,17368.705617854725,1329.6712335738282,14065.619162345329,20671.79207336412,3,29.032839732998884,6.721950599520429,12.334588752414376,45.73109071358339,3,0.0147234747400386,0.0,0.0147234747400386,0.0147234747400386,3
SR,fullft,0.1,79.39176592723726,1.2461603210904273,76.296132078768,82.48739977570652,3,46.71293188972765,1.1623271631684156,43.82555115034499,49.600312629110306,3,112.86750085256813,0.5285056114258018,111.55462013236989,114.18038157276636,3,0.9884672158468645,0.0015590405736627187,0.9845943443637281,0.9923400873300009,3,407.7935087293681,7.198251410646753,389.9120609417421,425.67495651699414,3,16.465291313999234,3.339204570812923,8.17024731249657,24.760335315501898,3,1.0,0.0,1.0,1.0,3
SR,fullft,0.2,84.79754796983612,4.351734402948019,73.9872404280856,95.60785551158664,3,51.09196493439646,3.9240628148257444,41.34405251293147,60.83987735586145,3,113.8122606514432,0.5175077072522882,112.52670023975227,115.09782106313412,3,0.9887433931717537,0.0017572591925595713,0.9843781193422507,0.9931086670012568,3,427.2612110507343,16.114925942622456,387.2295157950982,467.29290630637036,3,22.158113732667214,3.1122307687485318,14.426903912445074,29.889323552889355,3,1.0,0.0,1.0,1.0,3
SR,fullft,0.5,103.9549629365102,18.01149564640583,59.21192735680106,148.69799851621934,3,63.08901620323601,13.444794819012795,29.690294366994756,96.48773803947725,3,114.6676605628236,2.180687802554682,109.25053175501068,120.08478937063651,3,0.9806104471215656,0.006861226089689008,0.9635662166435351,0.9976546775995961,3,453.6002027336099,31.902714959792434,374.3494653957502,532.8509400714696,3,44.90553189066668,3.1313857666080342,37.12673841789384,52.68432536343952,3,1.0,0.0,1.0,1.0,3
SR,lora,0.1,72.42306717035103,5.412296090053851,58.97817834605601,85.86795599464605,3,42.019702134414615,4.363575522268695,31.179979621610638,52.85942464721859,3,112.28173818065746,0.9937396256072657,109.81315210105639,114.75032426025852,3,0.9883338888624351,0.0007712742572259832,0.9864179373939815,0.9902498403308887,3,386.1946412008335,34.273528739915655,301.0544759443053,471.33480645736165,3,11.911198286666453,0.6877864565298382,10.202642012390726,13.61975456094218,3,0.0151774849860654,0.0,0.0151774849860654,0.0151774849860654,3
SR,lora,0.2,79.72745923716485,6.977937384367732,62.39330183063932,97.06161664369039,3,46.87762842931105,4.307723816961545,36.176649243924416,57.57860761469769,3,112.75352693461342,0.8151700384558848,110.72853230062128,114.77852156860556,3,0.9897719156230655,0.0009847813248423812,0.9873255831962274,0.9922182480499037,3,445.144330573952,19.438790010605207,396.8556992384104,493.4329619094936,3,17.60068363933351,1.0858821934033929,14.903202732215405,20.298164546451616,3,0.0151774849860654,0.0,0.0151774849860654,0.0151774849860654,3
SR,lora,0.5,127.00661061238092,23.846754979958686,67.76798726452967,186.24523396023218,3,78.43669234226577,10.553616921034891,52.22005455368148,104.65333013085007,3,116.83078877925277,1.4719962707310892,113.17414733161914,120.4874302268864,3,0.9745313715219911,0.011319141979318373,0.9464130640668585,1.0026496789771238,3,520.7940705070824,82.72161194968228,315.3021946886464,726.2859463255185,3,46.265255486666625,15.665394110665595,7.35025920741294,85.1802517659203,3,0.0151774849860654,0.0,0.0151774849860654,0.0151774849860654,3
SR,spikelora,0.1,69.34087816455167,3.0803379105122546,61.68889459620879,76.99286173289455,3,39.690436171353106,3.3008525848401398,31.490663784524774,47.89020855818144,3,112.70345851050962,1.6923128933174871,108.49952023219043,116.9073967888288,3,0.9885624494071711,0.0010333170436280232,0.9859955475709321,0.9911293512434101,3,366.79265408806333,15.323404768441723,328.72720643083414,404.8581017452925,3,14.961694973333579,0.5167104442334592,13.678115072773883,16.245274873893273,3,0.0151774849860654,0.0,0.0151774849860654,0.0151774849860654,3
SR,spikelora,0.2,72.0590309557417,7.436485804423763,53.585776126305575,90.53228578517783,3,41.234182726179476,5.153789133129867,28.43146078232119,54.036904670037764,3,112.36740462246992,1.3161977012449473,109.09778827672876,115.63702096821108,3,0.988933860292367,0.0016864408883835865,0.9847445088829475,0.9931232117017864,3,396.6786615371734,40.84312325896749,295.21871878516254,498.1386042891843,3,21.1311441546671,0.38783930565884495,20.167697909392842,22.09459039994136,3,0.0151774849860654,0.0,0.0151774849860654,0.0151774849860654,3
SR,spikelora,0.5,115.9091730960921,19.726350515846026,66.90620186508067,164.91214432710353,3,71.59043976324634,14.000850497833472,36.810399045430835,106.37048048106183,3,116.931422933232,1.4002700134029342,113.45295938634774,120.40988648011626,3,0.9793692363855689,0.009597305070304695,0.9555282089295478,1.00321026384159,3,475.314620169929,40.19074317624796,375.47527938377647,575.1539609560816,3,48.044531937333886,12.339648897089818,17.39114476269457,78.6979191119732,3,0.0151774849860654,0.0,0.0151774849860654,0.0151774849860654,3
WP,fullft,0.1,1022.5873929104524,58.91479132181924,876.2349380098339,1168.939847811071,3,732.8887653410403,45.83050551236811,619.0394782505962,846.7380524314844,3,84.2137878644491,0.2531519400682212,83.58492358333066,84.84265214556754,3,0.9443651532388734,0.010583683664314312,0.9180738255194401,0.9706564809583067,3,3431.7193686680152,82.07810888707769,3227.8260430750024,3635.612694261028,3,6.1748110346658605,0.023224800596654355,6.117117431656545,6.232504637675176,3,1.0,0.0,1.0,1.0,3
WP,fullft,0.2,976.6957840794147,34.56671222193424,890.8273106787509,1062.5642574800786,3,714.618530815888,24.07342469243366,654.816828687173,774.420232944603,3,83.76697258984447,0.490354557349893,82.54886434181806,84.98508083787088,3,0.9573551211776468,0.0030988588175137415,0.9496571291257663,0.9650531132295272,3,3574.8646353656623,195.5132424350111,3089.182816692285,4060.5464540390394,3,10.465122705333973,1.3358897960331693,7.146588484306646,13.783656926361301,3,1.0,0.0,1.0,1.0,3
WP,fullft,0.5,982.7110232679523,34.93878357398576,895.9182733902069,1069.5037731456978,3,720.339191040582,9.789683593951723,696.0202688390444,744.6581132421196,3,83.81932917707587,0.9754476111359408,81.39618298044634,86.2424753737054,3,0.9409108146309512,0.007911966707619223,0.9212563997586847,0.9605652295032177,3,3337.8436348085834,135.21270095706151,3001.9566652576896,3673.730604359477,3,21.435584389666474,2.7821296811236436,14.524391129892956,28.346777649439993,3,1.0,0.0,1.0,1.0,3
WP,lora,0.1,966.8915332151764,28.850609143137962,895.2226470366267,1038.560419393726,3,707.7546112257286,15.744771037322757,668.6424317295255,746.8667907219317,3,84.28311830161093,0.44276279773323063,83.18323453841535,85.3830020648065,3,0.9525355948564139,0.015648549711709273,0.9136624423838389,0.991408747328989,3,3410.22163577173,143.0993344320134,3054.743182587198,3765.7000889562614,3,5.417866430666133,0.41084868262178464,4.397261724355063,6.438471136977203,3,0.0146321565324947,0.0,0.0146321565324947,0.0146321565324947,3
WP,lora,0.2,998.3081245081895,14.420045041143789,962.4867468167898,1034.1295021995893,3,775.7674563833561,20.395842925745665,725.101373809203,826.4335389575093,3,84.18755573428552,0.2205762125018185,83.63961404650149,84.73549742206956,3,0.952687282380115,0.012194662510374248,0.9223940613564018,0.9829805034038283,3,3552.88079391439,154.72999436304775,3168.5101797829902,3937.2514080457895,3,9.299023106667542,0.5136103196696524,8.023144342447827,10.574901870887258,3,0.0146321565324947,0.0,0.0146321565324947,0.0146321565324947,3
WP,lora,0.5,989.6050023191023,38.37549524859242,894.2749873661596,1084.935017272045,3,722.0207925174009,24.218893819789002,661.8577250435316,782.1838599912702,3,83.62306438885568,0.7010790676027595,81.88148743812648,85.36464133958488,3,0.9368152514910193,0.012858763589829602,0.9048723119314374,0.9687581910506012,3,3290.373947048762,69.6514973976264,3117.3500356855825,3463.397858411942,3,31.203182535333326,4.9482865366461395,18.910957341256548,43.495407729410104,3,0.0146321565324947,0.0,0.0146321565324947,0.0146321565324947,3
WP,spikelora,0.1,970.8951773657355,41.224955010266044,868.486711960792,1073.303642770679,3,709.2620619726489,22.383880532937745,653.6574202061532,764.8667037391446,3,84.33847216035113,0.8575046132025925,82.20831261272109,86.46863170798117,3,0.9533629813493295,0.015972006384936697,0.9136863179566829,0.9930396447419761,3,3428.4729761809417,295.48237280352976,2694.4540707513197,4162.491881610564,3,7.476966006332077,0.8682975959993203,5.319995203114743,9.633936809549411,3,0.0146321565324947,0.0,0.0146321565324947,0.0146321565324947,3
WP,spikelora,0.2,975.2492628043141,40.40901165140255,874.8677130677505,1075.6308125408777,3,725.5412915770466,51.25429823451728,598.2185564449617,852.8640267091316,3,84.44667342460461,0.32638011281775264,83.63590027799876,85.25744657121047,3,0.9437721929189506,0.008497704719234764,0.9226627241628425,0.9648816616750588,3,3317.9564396472797,107.85519599721505,3050.0292798656947,3585.8835994288647,3,13.567360474667415,1.5129482592888284,9.808988647887595,17.325732301447236,3,0.0146321565324947,0.0,0.0146321565324947,0.0146321565324947,3
WP,spikelora,0.5,1015.4086243133514,9.078454921317794,992.85649207916,1037.9607565475428,3,741.5815681373616,12.393253427797042,710.7950199264734,772.3681163482498,3,83.77753999953849,0.5638122414265616,82.37695274828164,85.17812725079534,3,0.9381114903299204,0.011114941359917925,0.9105004453341969,0.9657225353256438,3,3307.40772072654,139.34131156631952,2961.264713864183,3653.550727588897,3,32.303134046333675,21.970353682456402,-22.27425007607267,86.88051816874002,3,0.0146321565324947,0.0,0.0146321565324947,0.0146321565324947,3
WS,fullft,0.1,0.7085236900008461,0.02665424828743332,0.6423108666524969,0.7747365133491954,3,0.5542539648761232,0.021756481313496362,0.5002078691709453,0.6083000605813011,3,37.03921436699829,1.0616600482927205,34.401904604008344,39.67652412998823,3,0.8676697935018968,0.008336833842513023,0.8469599501573704,0.8883796368464232,3,2.099376405681816,0.041090598245468395,1.997301700983131,2.2014511103805012,3,14.558938266000647,1.5713855299126362,10.655400211494264,18.46247632050703,3,1.0,0.0,1.0,1.0,3
WS,fullft,0.2,0.6939194451978032,0.09564473518823145,0.45632475158928804,0.9315141388063184,3,0.5378257299357706,0.06437117545328758,0.37791886544454345,0.6977325944269978,3,35.96270645078809,3.2436680035032976,27.904988438987502,44.02042446258868,3,0.8807517102360204,0.03319457422543924,0.7982918165781332,0.9632116038939076,3,2.105356521920197,0.16628767634897051,1.6922750341075048,2.518438009732889,3,27.933615542000553,11.262225261763518,-0.04330294862673867,55.910534032627844,3,1.0,0.0,1.0,1.0,3
WS,fullft,0.5,0.6278264343954746,0.03331368622183965,0.5450706501354109,0.7105822186555383,3,0.4924473629085522,0.02467076688649392,0.43116178050877085,0.5537329453083335,3,33.68800908187765,1.3845652703833007,30.248558279381324,37.12745988437398,3,0.8626255892576543,0.02637778286926213,0.7970995440805705,0.9281516344347381,3,1.8465422112381713,0.020934442523838366,1.7945381730908792,1.8985462493854635,3,46.06586364400088,6.091201912054142,30.934479264568978,61.19724802343278,3,1.0,0.0,1.0,1.0,3
WS,lora,0.1,0.6696720358051477,0.1317922815880247,0.342281858998774,0.9970622126115214,3,0.5151270177535284,0.10604319703023228,0.25170111293942227,0.7785529225676346,3,35.01240143684479,5.690492159500507,20.876435265185187,49.148367608504394,3,0.8696950938844182,0.0633177944653039,0.7124049728302497,1.0269852149385867,3,1.9870496390191434,0.06767376250072914,1.81893869349713,2.1551605845411568,3,15.452501612665097,7.213253307393926,-2.466212952417896,33.37121617774809,3,0.0149963950973323,0.0,0.0149963950973323,0.0149963950973323,3
WS,lora,0.2,0.6878714906134333,0.14142276409016538,0.33655786904143675,1.0391851121854299,3,0.5324225777569547,0.11201328760167105,0.2541661458119562,0.8106790097019532,3,35.7437418611068,5.727311396767116,21.51631163363646,49.971172088577134,3,0.875418630858848,0.03535843232845612,0.7875834156844466,0.9632538460332494,3,2.059157449836067,0.27539717077652226,1.37503295220924,2.743281947462894,3,20.247752473998847,7.181296335646733,2.4084234275854115,38.08708152041228,3,0.0149963950973323,0.0,0.0149963950973323,0.0149963950973323,3
WS,lora,0.5,0.672216808927395,0.042211495992466125,0.5673576398644115,0.7770759779903785,3,0.5342914054008268,0.0393039218763058,0.4366550508494167,0.6319277599522368,3,36.38952991431653,2.238142664013408,30.82967531843238,41.94938451020069,3,0.8628700220624416,0.009881253281787263,0.8383236281461013,0.8874164159787818,3,1.9684894330972356,0.10441612106268826,1.7091054090539382,2.227873457140533,3,35.82632559266737,3.9469823622590843,26.02147785908768,45.63117332624705,3,0.0149963950973323,0.0,0.0149963950973323,0.0149963950973323,3
WS,spikelora,0.1,0.6101237225748538,0.08923190541408417,0.3884593812471358,0.8317880639025719,3,0.46821696009993236,0.0750556305585308,0.281768437752596,0.6546654824472686,3,32.197212547136665,4.257559790342304,21.620847712046583,42.77357738222675,3,0.9077091567068235,0.02132626464223743,0.8547317784589303,0.9606865349547167,3,2.013314303280034,0.1666755045477143,1.5992693968131741,2.4273592097468937,3,16.466861815666558,3.1761858007003747,8.576778888718616,24.356944742614502,3,0.0149963950973323,0.0,0.0149963950973323,0.0149963950973323,3
WS,spikelora,0.2,0.662917818998682,0.12082419089985548,0.36277388989634946,0.9630617481010144,3,0.523575984071993,0.09877013788219968,0.2782173597670815,0.7689346083769045,3,35.64191138502132,5.322364575617757,22.42042482720905,48.863397942833586,3,0.8857641699601606,0.0572893440475295,0.7434495499320168,1.0280787899883044,3,2.0474649605328263,0.13621731836722215,1.7090823829875021,2.3858475380781505,3,29.621593379667804,9.987112359194828,4.81223093701157,54.43095582232404,3,0.0149963950973323,0.0,0.0149963950973323,0.0149963950973323,3
WS,spikelora,0.5,0.6607767483239245,0.05737807011720903,0.5182417205200772,0.8033117761277718,3,0.5240254995236462,0.050946320349697274,0.39746782386961826,0.6505831751776741,3,35.813210987748356,3.116746026347264,28.070784645847077,43.555637329649635,3,0.8508134533276194,0.03049461926767317,0.775060619600263,0.9265662870549758,3,1.886179690060895,0.08404590448256488,1.6773980892201767,2.094961290901613,3,50.01986903600118,8.466813579341686,28.987138125459353,71.05259994654301,3,0.0149963950973323,0.0,0.0149963950973323,0.0149963950973323,3
