protocol_id,protocol_date,config_hash,task,seed,target_col,time_col,frequency_minutes,lookback_steps,lookback_minutes,horizons_steps,horizons_minutes,n_features,feature_names,target_feature_index,data_file_sha256,device,torch_version,source_task,target_task,mode,fraction,best_epoch,best_val_loss,epochs_ran,train_time_sec,peak_gpu_memory_mb,peak_process_rss_mb,total_params,trainable_params,total_model_size_mb,trainable_parameter_size_mb,trainable_ratio,test_rmse,test_mae,test_smape,rmse_h1,mae_h1,smape_h1,rmse_h2,mae_h2,smape_h2,rmse_h4,mae_h4,smape_h4,rmse_h8,mae_h8,smape_h8,rmse_h24,mae_h24,smape_h24,conformal_alpha,conformal_calibration_n,picp95,mpiw95,picp95_h1,mpiw95_h1,conformal_q95_h1,picp95_h2,mpiw95_h2,conformal_q95_h2,picp95_h4,mpiw95_h4,conformal_q95_h4,picp95_h8,mpiw95_h8,conformal_q95_h8,picp95_h24,mpiw95_h24,conformal_q95_h24,encoder_sparsity_pct,spikelora_sparsity_pct,canonical_features,selected_adaptation_windows,source_base_checkpoint,transfer_interpretation,prediction_file,spikelora_adapter_0_sparsity_pct,spikelora_adapter_1_sparsity_pct
SpikeLoRA-TS-R2-corrected-v1,2026-07-20,1c553ec25a0e,SR,0,GHI,date,15,96,1440,"[1,2,4,8,24]","[15,30,60,120,360]",12,"[""target_history"",""temperature"",""humidity"",""dew_point"",""cloud_type"",""solar_zenith"",""pressure"",""wind_direction"",""wind_speed"",""cal_hour"",""cal_dayofweek"",""cal_month""]",0,d30c392eddf014df2a416d4071fc87fbde68c18b8222041368028de94289252f,cuda,2.11.0+cu128,WS,SR,fullft,0.1,11,0.257785382093573,18,29.01238846699925,430.693359375,1787.1796875,75269,75269,0.2930173873901367,0.2871284484863281,1.0,216.95454379944744,134.7496253703902,137.9391348463551,213.67006997843376,129.04443346732606,132.98006978799995,212.95305394735405,128.45811718628806,134.16207963195137,211.48114374008696,129.76885108662574,136.45838621307627,214.3164751777522,134.9418113079646,140.23131660174272,231.7037822216267,151.53491380374652,145.86382199700526,0.05,5226,0.9693157468691967,729.6559663627178,0.9692395600209514,744.1982826972926,593.3358154296875,0.9704299795247844,741.0158268532681,592.7870330810547,0.9720489500499976,732.4552606444865,585.6657180786133,0.9739060044759772,732.1059477372735,588.4561309814453,0.9609542402742728,698.5045138812679,565.0209045410156,75.52949694194456,,"[""target_history"",""temperature"",""humidity"",""dew_point"",""cloud_type"",""solar_zenith"",""pressure"",""wind_direction"",""wind_speed"",""cal_hour"",""cal_dayofweek"",""cal_month""]",2098,/content/drive/MyDrive/SpikeLoRA_TS_R2_results/checkpoints/E3/E3_base_WS_canonical_seed0_1c553ec25a0e.pt,boundary_analysis,/content/drive/MyDrive/SpikeLoRA_TS_R2_results/predictions/E3/WS_to_SR_fullft_seed0_frac0.1_SpikeLoRA-TS-R2-corrected-v1.npz,,
SpikeLoRA-TS-R2-corrected-v1,2026-07-20,1c553ec25a0e,SR,0,GHI,date,15,96,1440,"[1,2,4,8,24]","[15,30,60,120,360]",12,"[""target_history"",""temperature"",""humidity"",""dew_point"",""cloud_type"",""solar_zenith"",""pressure"",""wind_direction"",""wind_speed"",""cal_hour"",""cal_dayofweek"",""cal_month""]",0,d30c392eddf014df2a416d4071fc87fbde68c18b8222041368028de94289252f,cuda,2.11.0+cu128,WS,SR,lora,0.1,11,0.2137483936123952,18,25.175098233998146,433.15625,1787.1796875,76429,1160,0.2989263534545898,0.004425048828125,0.0151774849860654,224.22447137442327,151.30110187420624,132.29657831595242,230.95024180004083,149.0953379356261,129.8033702668142,226.00161070166257,149.32817676552,128.55411510597875,222.03057206271208,150.30409312471878,129.45451298909973,219.0952859543532,157.08381516163385,129.37177555509274,222.86320093398024,150.6940863835324,144.29911766277655,0.05,5226,0.9579924765487358,758.8668344714472,0.9570020475215466,805.9361320213332,602.6269226074219,0.9554306937764868,784.1685509399019,575.6205596923828,0.9562877958192468,763.7224357368481,555.1547698974609,0.95747821532308,732.2555926084848,515.7522888183594,0.9637636303033188,708.2514610506684,563.5005645751953,75.52949694194456,,"[""target_history"",""temperature"",""humidity"",""dew_point"",""cloud_type"",""solar_zenith"",""pressure"",""wind_direction"",""wind_speed"",""cal_hour"",""cal_dayofweek"",""cal_month""]",2098,/content/drive/MyDrive/SpikeLoRA_TS_R2_results/checkpoints/E3/E3_base_WS_canonical_seed0_1c553ec25a0e.pt,boundary_analysis,/content/drive/MyDrive/SpikeLoRA_TS_R2_results/predictions/E3/WS_to_SR_lora_seed0_frac0.1_SpikeLoRA-TS-R2-corrected-v1.npz,,
SpikeLoRA-TS-R2-corrected-v1,2026-07-20,1c553ec25a0e,SR,0,GHI,date,15,96,1440,"[1,2,4,8,24]","[15,30,60,120,360]",12,"[""target_history"",""temperature"",""humidity"",""dew_point"",""cloud_type"",""solar_zenith"",""pressure"",""wind_direction"",""wind_speed"",""cal_hour"",""cal_dayofweek"",""cal_month""]",0,d30c392eddf014df2a416d4071fc87fbde68c18b8222041368028de94289252f,cuda,2.11.0+cu128,WS,SR,spikelora,0.1,11,0.2220125843453945,18,33.02110256300148,445.64453125,1787.1796875,76429,1160,0.2989873886108398,0.004425048828125,0.0151774849860654,229.2677602658512,154.24273492622294,133.9782058636041,237.07719984403457,146.01311637217597,131.55038811724523,229.90761744815632,145.3187525022496,130.85743536166763,225.0163024051753,150.49636487668823,131.53671049475673,224.2509551981174,165.82966841623264,131.57994665622476,229.85776250685467,163.55577246376822,144.36654868812607,0.05,5226,0.9579829531927052,765.4656815806012,0.9568591971810866,822.5071167345303,621.5856628417969,0.9573829817627733,793.026998598095,590.9706420898438,0.95647826293986,760.5600907991604,553.7702026367188,0.9541926574925004,727.7437964194582,504.8068542480469,0.9650016665873054,723.4904053517622,573.9497528076172,75.52949694194456,30.075496987870483,"[""target_history"",""temperature"",""humidity"",""dew_point"",""cloud_type"",""solar_zenith"",""pressure"",""wind_direction"",""wind_speed"",""cal_hour"",""cal_dayofweek"",""cal_month""]",2098,/content/drive/MyDrive/SpikeLoRA_TS_R2_results/checkpoints/E3/E3_base_WS_canonical_seed0_1c553ec25a0e.pt,boundary_analysis,/content/drive/MyDrive/SpikeLoRA_TS_R2_results/predictions/E3/WS_to_SR_spikelora_seed0_frac0.1_SpikeLoRA-TS-R2-corrected-v1.npz,29.85787879148612,50.966843840769485
SpikeLoRA-TS-R2-corrected-v1,2026-07-20,1c553ec25a0e,SR,0,GHI,date,15,96,1440,"[1,2,4,8,24]","[15,30,60,120,360]",12,"[""target_history"",""temperature"",""humidity"",""dew_point"",""cloud_type"",""solar_zenith"",""pressure"",""wind_direction"",""wind_speed"",""cal_hour"",""cal_dayofweek"",""cal_month""]",0,d30c392eddf014df2a416d4071fc87fbde68c18b8222041368028de94289252f,cuda,2.11.0+cu128,WS,SR,fullft,0.2,17,0.2604547140245186,24,60.90658070599966,430.693359375,1787.1796875,75269,75269,0.2930173873901367,0.2871284484863281,1.0,212.17794245481844,134.55456398533025,135.90751975234264,207.83702597898684,128.7750895441921,130.7783050528243,206.1310012090248,128.20927314400464,131.47507044557685,204.84757393180155,129.37400745903898,133.66539857494752,205.40787527751124,134.0000641198279,136.7331287719033,235.06648745154985,152.41438565958762,146.88569591646146,0.05,5226,0.9752583210323318,731.5180481196074,0.9783343650302366,751.847390208606,589.9835205078125,0.9792390838531498,747.2717157493495,584.5584106445312,0.9781915146897768,731.8427427760602,571.5708618164062,0.9780010475691634,718.5977314272004,558.3632659912109,0.9625255940193324,708.0306604368211,573.3764038085938,75.52949694194456,,"[""target_history"",""temperature"",""humidity"",""dew_point"",""cloud_type"",""solar_zenith"",""pressure"",""wind_direction"",""wind_speed"",""cal_hour"",""cal_dayofweek"",""cal_month""]",4196,/content/drive/MyDrive/SpikeLoRA_TS_R2_results/checkpoints/E3/E3_base_WS_canonical_seed0_1c553ec25a0e.pt,boundary_analysis,/content/drive/MyDrive/SpikeLoRA_TS_R2_results/predictions/E3/WS_to_SR_fullft_seed0_frac0.2_SpikeLoRA-TS-R2-corrected-v1.npz,,
SpikeLoRA-TS-R2-corrected-v1,2026-07-20,1c553ec25a0e,SR,0,GHI,date,15,96,1440,"[1,2,4,8,24]","[15,30,60,120,360]",12,"[""target_history"",""temperature"",""humidity"",""dew_point"",""cloud_type"",""solar_zenith"",""pressure"",""wind_direction"",""wind_speed"",""cal_hour"",""cal_dayofweek"",""cal_month""]",0,d30c392eddf014df2a416d4071fc87fbde68c18b8222041368028de94289252f,cuda,2.11.0+cu128,WS,SR,lora,0.2,10,0.2275520936424505,17,34.02651049499764,433.15625,1787.1796875,76429,1160,0.2989263534545898,0.004425048828125,0.0151774849860654,231.43179725635525,153.68046317695635,134.5808219311595,246.8018873551898,156.13311219050777,132.9849826502858,237.7621274153697,152.7149377011565,131.51065838633102,233.34215472576,155.85018073313066,132.98288532714358,230.09594443712425,160.66365107869677,134.59892022730514,207.28887633661063,143.04043418129004,140.82666306473195,0.05,5226,0.9553545069282416,748.6362586359326,0.952097519165754,805.0037372277229,628.3949890136719,0.9528593876482072,784.7665166553784,596.7902526855469,0.9549545259749536,764.7328609569907,570.6980285644531,0.95662111328032,737.1885404716213,539.2301940917969,0.9602399885719728,651.4896378679495,504.1490478515625,75.52949694194456,,"[""target_history"",""temperature"",""humidity"",""dew_point"",""cloud_type"",""solar_zenith"",""pressure"",""wind_direction"",""wind_speed"",""cal_hour"",""cal_dayofweek"",""cal_month""]",4196,/content/drive/MyDrive/SpikeLoRA_TS_R2_results/checkpoints/E3/E3_base_WS_canonical_seed0_1c553ec25a0e.pt,boundary_analysis,/content/drive/MyDrive/SpikeLoRA_TS_R2_results/predictions/E3/WS_to_SR_lora_seed0_frac0.2_SpikeLoRA-TS-R2-corrected-v1.npz,,
SpikeLoRA-TS-R2-corrected-v1,2026-07-20,1c553ec25a0e,SR,0,GHI,date,15,96,1440,"[1,2,4,8,24]","[15,30,60,120,360]",12,"[""target_history"",""temperature"",""humidity"",""dew_point"",""cloud_type"",""solar_zenith"",""pressure"",""wind_direction"",""wind_speed"",""cal_hour"",""cal_dayofweek"",""cal_month""]",0,d30c392eddf014df2a416d4071fc87fbde68c18b8222041368028de94289252f,cuda,2.11.0+cu128,WS,SR,spikelora,0.2,6,0.2285772719535616,13,33.89639271300257,445.64453125,1787.1796875,76429,1160,0.2989873886108398,0.004425048828125,0.0151774849860654,224.14586320780467,153.80426889607284,133.056316797826,235.02223439398512,150.00350699300546,131.45151841709287,226.61549540847795,147.9928314923207,129.96814850318052,219.79040804759143,147.5600033853572,131.49391528112247,215.4795181996993,155.92791534361342,131.92998488237205,223.3328464731217,167.53708726606746,140.4380169053621,0.05,5226,0.9602685586400648,732.8495934906304,0.9578591495643064,774.8925945924456,599.3283233642578,0.9592876529689064,760.4738088520327,571.630126953125,0.9606209228131992,732.1571126952125,540.383544921875,0.9589543355078328,701.9411526599116,494.9833068847656,0.9646207323460788,694.7832986535495,519.750244140625,75.52949694194456,29.60776950606672,"[""target_history"",""temperature"",""humidity"",""dew_point"",""cloud_type"",""solar_zenith"",""pressure"",""wind_direction"",""wind_speed"",""cal_hour"",""cal_dayofweek"",""cal_month""]",4196,/content/drive/MyDrive/SpikeLoRA_TS_R2_results/checkpoints/E3/E3_base_WS_canonical_seed0_1c553ec25a0e.pt,boundary_analysis,/content/drive/MyDrive/SpikeLoRA_TS_R2_results/predictions/E3/WS_to_SR_spikelora_seed0_frac0.2_SpikeLoRA-TS-R2-corrected-v1.npz,29.504169196308112,39.55339924289319
SpikeLoRA-TS-R2-corrected-v1,2026-07-20,1c553ec25a0e,SR,0,GHI,date,15,96,1440,"[1,2,4,8,24]","[15,30,60,120,360]",12,"[""target_history"",""temperature"",""humidity"",""dew_point"",""cloud_type"",""solar_zenith"",""pressure"",""wind_direction"",""wind_speed"",""cal_hour"",""cal_dayofweek"",""cal_month""]",0,d30c392eddf014df2a416d4071fc87fbde68c18b8222041368028de94289252f,cuda,2.11.0+cu128,WS,SR,fullft,0.5,14,0.2132288840564785,21,111.79608842300148,430.693359375,1787.1796875,75269,75269,0.2930173873901367,0.2871284484863281,1.0,200.86023263678987,119.32091156793466,132.19704927544132,193.7027413582144,111.68167434858768,126.27957690227048,193.91338552087728,112.12562694797504,127.51893346987254,193.1810895243161,113.4560605436897,130.28202094413965,196.01536683582924,118.9830983328448,133.4877863707255,225.52173907427309,140.35809766657607,143.41692869019835,0.05,5226,0.9753821246607304,720.2031233681865,0.9796676348745298,742.6567516538519,572.0559921264648,0.9802866530165232,742.6928294352432,573.0343627929688,0.9803818865768296,726.1994521485857,560.7127685546875,0.9760963763630304,696.6513433166245,539.5897521972656,0.9604780724727394,692.8152402866273,561.0928955078125,75.52949694194456,,"[""target_history"",""temperature"",""humidity"",""dew_point"",""cloud_type"",""solar_zenith"",""pressure"",""wind_direction"",""wind_speed"",""cal_hour"",""cal_dayofweek"",""cal_month""]",10488,/content/drive/MyDrive/SpikeLoRA_TS_R2_results/checkpoints/E3/E3_base_WS_canonical_seed0_1c553ec25a0e.pt,boundary_analysis,/content/drive/MyDrive/SpikeLoRA_TS_R2_results/predictions/E3/WS_to_SR_fullft_seed0_frac0.5_SpikeLoRA-TS-R2-corrected-v1.npz,,
SpikeLoRA-TS-R2-corrected-v1,2026-07-20,1c553ec25a0e,SR,0,GHI,date,15,96,1440,"[1,2,4,8,24]","[15,30,60,120,360]",12,"[""target_history"",""temperature"",""humidity"",""dew_point"",""cloud_type"",""solar_zenith"",""pressure"",""wind_direction"",""wind_speed"",""cal_hour"",""cal_dayofweek"",""cal_month""]",0,d30c392eddf014df2a416d4071fc87fbde68c18b8222041368028de94289252f,cuda,2.11.0+cu128,WS,SR,lora,0.5,25,0.1756519331724033,25,98.86769984900091,433.15625,1787.1796875,76429,1160,0.2989263534545898,0.004425048828125,0.0151774849860654,208.61961608904417,136.53014561351745,126.84092025040376,214.0570597482881,134.18262148337118,124.98836468605086,213.4504092442616,136.69033546278823,124.39286438593058,208.17736399381704,135.80003835564483,125.38716313817169,207.1526506207288,140.12155109407516,125.48717788962828,199.94795200868657,135.85618167170784,133.94903115223747,0.05,5226,0.951211847054902,695.7838459389624,0.9503356983000808,723.786036429499,520.2977142333984,0.9493833626970144,720.9983534399915,510.9617919921875,0.9500023808390076,687.5787585024027,484.0758056640625,0.948431027093948,674.9570355847429,469.2664184570313,0.9579067663444598,671.5990457381755,509.76263427734375,75.52949694194456,,"[""target_history"",""temperature"",""humidity"",""dew_point"",""cloud_type"",""solar_zenith"",""pressure"",""wind_direction"",""wind_speed"",""cal_hour"",""cal_dayofweek"",""cal_month""]",10488,/content/drive/MyDrive/SpikeLoRA_TS_R2_results/checkpoints/E3/E3_base_WS_canonical_seed0_1c553ec25a0e.pt,boundary_analysis,/content/drive/MyDrive/SpikeLoRA_TS_R2_results/predictions/E3/WS_to_SR_lora_seed0_frac0.5_SpikeLoRA-TS-R2-corrected-v1.npz,,
SpikeLoRA-TS-R2-corrected-v1,2026-07-20,1c553ec25a0e,SR,0,GHI,date,15,96,1440,"[1,2,4,8,24]","[15,30,60,120,360]",12,"[""target_history"",""temperature"",""humidity"",""dew_point"",""cloud_type"",""solar_zenith"",""pressure"",""wind_direction"",""wind_speed"",""cal_hour"",""cal_dayofweek"",""cal_month""]",0,d30c392eddf014df2a416d4071fc87fbde68c18b8222041368028de94289252f,cuda,2.11.0+cu128,WS,SR,spikelora,0.5,9,0.1668031955023082,16,80.40469437999855,445.64453125,1787.1796875,76429,1160,0.2989873886108398,0.004425048828125,0.0151774849860654,229.4488928844484,143.23732632263338,127.696525391059,236.743373288997,138.66479438057706,126.310962083206,235.47938322380847,138.61419955031496,124.8739157050158,235.63848897481373,142.70535655230785,128.11437714761743,243.42641724779267,157.2263508841149,128.11033885118627,192.234464676204,138.97593024585208,131.0730331682694,0.05,5226,0.9446788248178658,761.4010449041612,0.9465263558878148,804.3908326466092,587.9855346679688,0.9410504261701824,805.4510475246971,579.1197509765625,0.9384315032617494,775.3591399052264,559.5601806640625,0.9377648683396028,802.9986616310565,567.5279541015625,0.9596209704299796,618.8055428132166,461.6951599121094,75.52949694194456,35.305947937187085,"[""target_history"",""temperature"",""humidity"",""dew_point"",""cloud_type"",""solar_zenith"",""pressure"",""wind_direction"",""wind_speed"",""cal_hour"",""cal_dayofweek"",""cal_month""]",10488,/content/drive/MyDrive/SpikeLoRA_TS_R2_results/checkpoints/E3/E3_base_WS_canonical_seed0_1c553ec25a0e.pt,boundary_analysis,/content/drive/MyDrive/SpikeLoRA_TS_R2_results/predictions/E3/WS_to_SR_spikelora_seed0_frac0.5_SpikeLoRA-TS-R2-corrected-v1.npz,35.11478682066727,53.65741512308938
SpikeLoRA-TS-R2-corrected-v1,2026-07-20,1c553ec25a0e,SR,1,GHI,date,15,96,1440,"[1,2,4,8,24]","[15,30,60,120,360]",12,"[""target_history"",""temperature"",""humidity"",""dew_point"",""cloud_type"",""solar_zenith"",""pressure"",""wind_direction"",""wind_speed"",""cal_hour"",""cal_dayofweek"",""cal_month""]",0,d30c392eddf014df2a416d4071fc87fbde68c18b8222041368028de94289252f,cuda,2.11.0+cu128,WS,SR,fullft,0.1,16,0.2186815179927204,23,37.2176819899978,430.693359375,1787.1796875,75269,75269,0.2930173873901367,0.2871284484863281,1.0,195.61123746106625,122.0566847896072,134.77404815240922,181.9192837904837,111.53229610293624,129.13683715604472,183.21053784736105,112.94949264094056,130.259103498426,187.03588387989456,116.08227901441484,133.19276415843655,195.8579767336593,123.72725392164466,136.9981445996513,226.52877345527293,145.99210226809964,144.28339134948752,0.05,5226,0.9766296843007476,678.5853503029832,0.9764296938241036,666.7804019100229,508.53314208984375,0.976048759582877,663.3073490230556,506.7452392578125,0.980143802676063,669.1597200793929,517.05908203125,0.9818580067615827,672.1498518025079,524.6813354492188,0.9686681586591116,721.5294286999372,583.0786743164062,75.52949694194456,,"[""target_history"",""temperature"",""humidity"",""dew_point"",""cloud_type"",""solar_zenith"",""pressure"",""wind_direction"",""wind_speed"",""cal_hour"",""cal_dayofweek"",""cal_month""]",2098,/content/drive/MyDrive/SpikeLoRA_TS_R2_results/checkpoints/E3/E3_base_WS_canonical_seed1_1c553ec25a0e.pt,boundary_analysis,/content/drive/MyDrive/SpikeLoRA_TS_R2_results/predictions/E3/WS_to_SR_fullft_seed1_frac0.1_SpikeLoRA-TS-R2-corrected-v1.npz,,
SpikeLoRA-TS-R2-corrected-v1,2026-07-20,1c553ec25a0e,SR,1,GHI,date,15,96,1440,"[1,2,4,8,24]","[15,30,60,120,360]",12,"[""target_history"",""temperature"",""humidity"",""dew_point"",""cloud_type"",""solar_zenith"",""pressure"",""wind_direction"",""wind_speed"",""cal_hour"",""cal_dayofweek"",""cal_month""]",0,d30c392eddf014df2a416d4071fc87fbde68c18b8222041368028de94289252f,cuda,2.11.0+cu128,WS,SR,lora,0.1,18,0.2280214184141688,25,35.1589338699996,433.15625,1787.18359375,76429,1160,0.2989263534545898,0.004425048828125,0.0151774849860654,201.2681574952529,134.28398909649846,131.64279600939415,195.3267102657184,127.6482180044155,126.40089379693784,193.60195700595764,126.87126264512656,126.9505273575188,191.1426921175185,126.37917686590644,128.27585176974225,194.03174382268995,132.75121492177246,131.51221809098496,229.6220116781024,157.77007304527132,145.07448903178707,0.05,5226,0.9609542402742728,685.9060579648592,0.9595257368696728,703.1121271192548,512.47705078125,0.9589543355078328,689.9025180337657,502.3864440917969,0.9600971382315128,677.8889285744635,495.0918426513672,0.9626208275796392,668.0142077218067,494.3741149902344,0.9635731631827056,690.6125083750052,550.9534606933594,75.52949694194456,,"[""target_history"",""temperature"",""humidity"",""dew_point"",""cloud_type"",""solar_zenith"",""pressure"",""wind_direction"",""wind_speed"",""cal_hour"",""cal_dayofweek"",""cal_month""]",2098,/content/drive/MyDrive/SpikeLoRA_TS_R2_results/checkpoints/E3/E3_base_WS_canonical_seed1_1c553ec25a0e.pt,boundary_analysis,/content/drive/MyDrive/SpikeLoRA_TS_R2_results/predictions/E3/WS_to_SR_lora_seed1_frac0.1_SpikeLoRA-TS-R2-corrected-v1.npz,,
SpikeLoRA-TS-R2-corrected-v1,2026-07-20,1c553ec25a0e,SR,1,GHI,date,15,96,1440,"[1,2,4,8,24]","[15,30,60,120,360]",12,"[""target_history"",""temperature"",""humidity"",""dew_point"",""cloud_type"",""solar_zenith"",""pressure"",""wind_direction"",""wind_speed"",""cal_hour"",""cal_dayofweek"",""cal_month""]",0,d30c392eddf014df2a416d4071fc87fbde68c18b8222041368028de94289252f,cuda,2.11.0+cu128,WS,SR,spikelora,0.1,9,0.2420770354452052,16,28.611620231000416,445.64453125,1787.18359375,76429,1160,0.2989873886108398,0.004425048828125,0.0151774849860654,225.2393010642741,158.49615776483787,136.05815208619916,215.78224770643928,148.997742983439,130.4588175767573,216.72576042130444,150.68920979087258,131.5502359833197,219.77920527760904,153.51224067636764,134.16126980739494,223.17228248748407,158.4971996863384,137.56606179046514,249.04399876537272,180.78439568717167,146.55437527305875,0.05,5226,0.9551640398076282,695.4049405629587,0.9495262130374744,669.0435426122693,484.4862060546875,0.9481929431931811,667.8574118551757,482.8069763183594,0.9508118661016142,681.9765867276235,499.14984130859375,0.9573353649826198,700.834012921745,520.5946960449219,0.9699538117232512,757.3131486979798,607.3741912841797,75.52949694194456,28.68019723655771,"[""target_history"",""temperature"",""humidity"",""dew_point"",""cloud_type"",""solar_zenith"",""pressure"",""wind_direction"",""wind_speed"",""cal_hour"",""cal_dayofweek"",""cal_month""]",2098,/content/drive/MyDrive/SpikeLoRA_TS_R2_results/checkpoints/E3/E3_base_WS_canonical_seed1_1c553ec25a0e.pt,boundary_analysis,/content/drive/MyDrive/SpikeLoRA_TS_R2_results/predictions/E3/WS_to_SR_spikelora_seed1_frac0.1_SpikeLoRA-TS-R2-corrected-v1.npz,28.42496323959772,53.18266094471692
SpikeLoRA-TS-R2-corrected-v1,2026-07-20,1c553ec25a0e,SR,1,GHI,date,15,96,1440,"[1,2,4,8,24]","[15,30,60,120,360]",12,"[""target_history"",""temperature"",""humidity"",""dew_point"",""cloud_type"",""solar_zenith"",""pressure"",""wind_direction"",""wind_speed"",""cal_hour"",""cal_dayofweek"",""cal_month""]",0,d30c392eddf014df2a416d4071fc87fbde68c18b8222041368028de94289252f,cuda,2.11.0+cu128,WS,SR,fullft,0.2,16,0.2235483757230544,23,58.23474886400072,430.693359375,1787.18359375,75269,75269,0.2930173873901367,0.2871284484863281,1.0,196.7633113711701,119.41081693413246,134.89872113196233,183.2759871670423,108.51574481393568,129.05126910645407,182.31847402214817,108.82037223240836,130.1305134211607,182.8564195881596,110.97891628791602,132.43884226094934,190.78208551743927,117.71468771959984,135.51354737954287,238.56784302989564,151.0243636168024,147.3594334917046,0.05,5226,0.9758297223941718,683.3906025516119,0.9781438979096232,683.8373485561734,531.0134887695312,0.9791438502928432,683.0261836340982,529.6625366210938,0.9789057663920766,672.6036050717585,522.7498779296875,0.97881053283177,665.1293579631235,521.34521484375,0.9641445645445454,712.356517532906,585.4920654296875,75.52949694194456,,"[""target_history"",""temperature"",""humidity"",""dew_point"",""cloud_type"",""solar_zenith"",""pressure"",""wind_direction"",""wind_speed"",""cal_hour"",""cal_dayofweek"",""cal_month""]",4196,/content/drive/MyDrive/SpikeLoRA_TS_R2_results/checkpoints/E3/E3_base_WS_canonical_seed1_1c553ec25a0e.pt,boundary_analysis,/content/drive/MyDrive/SpikeLoRA_TS_R2_results/predictions/E3/WS_to_SR_fullft_seed1_frac0.2_SpikeLoRA-TS-R2-corrected-v1.npz,,
SpikeLoRA-TS-R2-corrected-v1,2026-07-20,1c553ec25a0e,SR,1,GHI,date,15,96,1440,"[1,2,4,8,24]","[15,30,60,120,360]",12,"[""target_history"",""temperature"",""humidity"",""dew_point"",""cloud_type"",""solar_zenith"",""pressure"",""wind_direction"",""wind_speed"",""cal_hour"",""cal_dayofweek"",""cal_month""]",0,d30c392eddf014df2a416d4071fc87fbde68c18b8222041368028de94289252f,cuda,2.11.0+cu128,WS,SR,lora,0.2,20,0.2558998345382087,25,50.704979729001934,433.15625,1787.18359375,76429,1160,0.2989263534545898,0.004425048828125,0.0151774849860654,237.2781824051956,158.53659373865963,135.91720462490437,239.7514825677203,154.53547110738518,131.0013153886779,238.5014668865374,155.13885080666208,131.7745064971944,234.44366205001785,156.03108488596664,133.873777186268,234.6485201738347,162.54863034454473,137.374883765667,238.99204470426,164.42893154873948,145.56154028671443,0.05,5226,0.9595543069377648,775.0008719892617,0.9567163468406268,815.5191963308057,622.5125427246094,0.9578115327841532,805.2093915480227,612.4673919677734,0.9600019046712062,781.9188536998232,587.3601989746094,0.9640493309842388,751.8222518506025,563.1350708007812,0.9591924194085996,720.5346665170543,574.0617523193359,75.52949694194456,,"[""target_history"",""temperature"",""humidity"",""dew_point"",""cloud_type"",""solar_zenith"",""pressure"",""wind_direction"",""wind_speed"",""cal_hour"",""cal_dayofweek"",""cal_month""]",4196,/content/drive/MyDrive/SpikeLoRA_TS_R2_results/checkpoints/E3/E3_base_WS_canonical_seed1_1c553ec25a0e.pt,boundary_analysis,/content/drive/MyDrive/SpikeLoRA_TS_R2_results/predictions/E3/WS_to_SR_lora_seed1_frac0.2_SpikeLoRA-TS-R2-corrected-v1.npz,,
SpikeLoRA-TS-R2-corrected-v1,2026-07-20,1c553ec25a0e,SR,1,GHI,date,15,96,1440,"[1,2,4,8,24]","[15,30,60,120,360]",12,"[""target_history"",""temperature"",""humidity"",""dew_point"",""cloud_type"",""solar_zenith"",""pressure"",""wind_direction"",""wind_speed"",""cal_hour"",""cal_dayofweek"",""cal_month""]",0,d30c392eddf014df2a416d4071fc87fbde68c18b8222041368028de94289252f,cuda,2.11.0+cu128,WS,SR,spikelora,0.2,24,0.2604552109751079,25,64.59900648199982,445.64453125,1787.18359375,76429,1160,0.2989873886108398,0.004425048828125,0.0151774849860654,237.84908241412512,162.0619123315818,135.14528363109514,243.88548781825008,159.8826007199091,131.71375913275182,239.8399134495495,157.88971990408498,131.27369401028113,236.4388673395016,158.10224062823937,132.79076711671874,234.5027816729021,166.26741725089158,135.9854578730665,234.4412979260651,168.16758315478398,143.96274002265736,0.05,5226,0.9601542783676968,757.0215829142559,0.9588591019475264,789.5370763129583,608.1181030273438,0.9588591019475264,782.0032832302495,594.1842803955078,0.9597162039902862,767.843882036007,575.6578521728516,0.9591924194085996,733.5719998607941,537.7742004394531,0.9641445645445454,712.1516731312704,563.9244537353516,75.52949694194456,26.2843360858614,"[""target_history"",""temperature"",""humidity"",""dew_point"",""cloud_type"",""solar_zenith"",""pressure"",""wind_direction"",""wind_speed"",""cal_hour"",""cal_dayofweek"",""cal_month""]",4196,/content/drive/MyDrive/SpikeLoRA_TS_R2_results/checkpoints/E3/E3_base_WS_canonical_seed1_1c553ec25a0e.pt,boundary_analysis,/content/drive/MyDrive/SpikeLoRA_TS_R2_results/predictions/E3/WS_to_SR_spikelora_seed1_frac0.2_SpikeLoRA-TS-R2-corrected-v1.npz,25.913306738617607,61.90315342126566
SpikeLoRA-TS-R2-corrected-v1,2026-07-20,1c553ec25a0e,SR,1,GHI,date,15,96,1440,"[1,2,4,8,24]","[15,30,60,120,360]",12,"[""target_history"",""temperature"",""humidity"",""dew_point"",""cloud_type"",""solar_zenith"",""pressure"",""wind_direction"",""wind_speed"",""cal_hour"",""cal_dayofweek"",""cal_month""]",0,d30c392eddf014df2a416d4071fc87fbde68c18b8222041368028de94289252f,cuda,2.11.0+cu128,WS,SR,fullft,0.5,5,0.1916018920500434,12,63.68936212599874,430.693359375,1787.18359375,75269,75269,0.2930173873901367,0.2871284484863281,1.0,179.3374350945372,111.21027673863269,131.36032792168174,159.876433519467,98.16910129857912,126.4333198458017,158.16122916582938,98.18669949991975,126.78084890817578,163.63113780394116,102.48318977622974,130.11059059714287,171.46104434004997,108.98300023113204,131.1065567062108,232.5082595094057,148.22939288730277,142.3703235510775,0.05,5226,0.9743821722775106,616.050821599365,0.9799057187752964,593.5225127382589,440.81939697265625,0.9803818865768296,592.259084260235,437.9791870117188,0.9768106280653304,589.2861699030335,439.0589599609375,0.9737631541355174,600.9281754794107,448.8524169921875,0.9610494738345792,704.258165615887,566.3230285644531,75.52949694194456,,"[""target_history"",""temperature"",""humidity"",""dew_point"",""cloud_type"",""solar_zenith"",""pressure"",""wind_direction"",""wind_speed"",""cal_hour"",""cal_dayofweek"",""cal_month""]",10488,/content/drive/MyDrive/SpikeLoRA_TS_R2_results/checkpoints/E3/E3_base_WS_canonical_seed1_1c553ec25a0e.pt,boundary_analysis,/content/drive/MyDrive/SpikeLoRA_TS_R2_results/predictions/E3/WS_to_SR_fullft_seed1_frac0.5_SpikeLoRA-TS-R2-corrected-v1.npz,,
SpikeLoRA-TS-R2-corrected-v1,2026-07-20,1c553ec25a0e,SR,1,GHI,date,15,96,1440,"[1,2,4,8,24]","[15,30,60,120,360]",12,"[""target_history"",""temperature"",""humidity"",""dew_point"",""cloud_type"",""solar_zenith"",""pressure"",""wind_direction"",""wind_speed"",""cal_hour"",""cal_dayofweek"",""cal_month""]",0,d30c392eddf014df2a416d4071fc87fbde68c18b8222041368028de94289252f,cuda,2.11.0+cu128,WS,SR,lora,0.5,19,0.1840968540161449,25,98.42605982400346,433.15625,1787.18359375,76429,1160,0.2989263534545898,0.004425048828125,0.0151774849860654,198.85599107396263,130.42853893234437,128.7406918743239,193.94838933531764,121.8131507400172,124.91983012523474,193.25487747327853,122.98169115948498,125.05795769460296,192.83415039538747,124.99017718305906,126.5879838669967,200.125817577153,135.3842567479087,129.2478860096897,213.35357535656368,146.97341883125193,137.88980167509544,0.05,5226,0.950621398981001,655.4927905348129,0.9528593876482072,669.5158804090674,481.5144958496094,0.9521927527260606,663.8213648413041,472.9710998535156,0.9492881291367078,647.364019042713,457.4501953125,0.9428122470358554,630.9155687098106,446.69085693359375,0.9559544783581734,665.8471196711696,515.3324279785156,75.52949694194456,,"[""target_history"",""temperature"",""humidity"",""dew_point"",""cloud_type"",""solar_zenith"",""pressure"",""wind_direction"",""wind_speed"",""cal_hour"",""cal_dayofweek"",""cal_month""]",10488,/content/drive/MyDrive/SpikeLoRA_TS_R2_results/checkpoints/E3/E3_base_WS_canonical_seed1_1c553ec25a0e.pt,boundary_analysis,/content/drive/MyDrive/SpikeLoRA_TS_R2_results/predictions/E3/WS_to_SR_lora_seed1_frac0.5_SpikeLoRA-TS-R2-corrected-v1.npz,,
SpikeLoRA-TS-R2-corrected-v1,2026-07-20,1c553ec25a0e,SR,1,GHI,date,15,96,1440,"[1,2,4,8,24]","[15,30,60,120,360]",12,"[""target_history"",""temperature"",""humidity"",""dew_point"",""cloud_type"",""solar_zenith"",""pressure"",""wind_direction"",""wind_speed"",""cal_hour"",""cal_dayofweek"",""cal_month""]",0,d30c392eddf014df2a416d4071fc87fbde68c18b8222041368028de94289252f,cuda,2.11.0+cu128,WS,SR,spikelora,0.5,20,0.1930018371656121,25,124.07910860999982,445.64453125,1787.18359375,76429,1160,0.2989873886108398,0.004425048828125,0.0151774849860654,192.40287838920565,133.42330250182178,127.46643077342816,185.6459862949919,126.54437512194824,124.9165560500066,184.9282464450129,126.68768982337568,124.67555610752494,185.0034771369276,128.4480497666208,125.56739785362852,196.30996737568296,140.00037419199404,128.7452159647617,208.9678435975117,145.4360236051701,133.42742789121897,0.05,5226,0.9640779010523308,663.7845797488851,0.968763392219418,663.6467016450871,470.0000915527344,0.9675253559354317,658.7775136590611,461.9010620117188,0.9651445169277654,652.8080520034092,452.070556640625,0.9589067187276796,648.4520797769454,449.9548950195313,0.9600495214513596,695.2385516599226,523.6248321533203,75.52949694194456,30.30004753700977,"[""target_history"",""temperature"",""humidity"",""dew_point"",""cloud_type"",""solar_zenith"",""pressure"",""wind_direction"",""wind_speed"",""cal_hour"",""cal_dayofweek"",""cal_month""]",10488,/content/drive/MyDrive/SpikeLoRA_TS_R2_results/checkpoints/E3/E3_base_WS_canonical_seed1_1c553ec25a0e.pt,boundary_analysis,/content/drive/MyDrive/SpikeLoRA_TS_R2_results/predictions/E3/WS_to_SR_spikelora_seed1_frac0.5_SpikeLoRA-TS-R2-corrected-v1.npz,30.268645596489453,33.31463382696062
SpikeLoRA-TS-R2-corrected-v1,2026-07-20,1c553ec25a0e,SR,2,GHI,date,15,96,1440,"[1,2,4,8,24]","[15,30,60,120,360]",12,"[""target_history"",""temperature"",""humidity"",""dew_point"",""cloud_type"",""solar_zenith"",""pressure"",""wind_direction"",""wind_speed"",""cal_hour"",""cal_dayofweek"",""cal_month""]",0,d30c392eddf014df2a416d4071fc87fbde68c18b8222041368028de94289252f,cuda,2.11.0+cu128,WS,SR,fullft,0.1,8,0.2379558193976743,15,24.24619770299978,430.693359375,1787.18359375,75269,75269,0.2930173873901367,0.2871284484863281,1.0,198.6757376335245,124.59373325914449,132.82643105701882,192.90659672843688,115.96447644847431,127.32905318872302,192.44259769066687,117.04455861213816,128.37199757941954,194.29514250553808,120.22495782809575,130.98266917415248,200.34491795327423,128.39070505069827,135.38795210847917,212.6604020566457,141.34396835631583,142.06048323432,0.05,5226,0.973001285653064,711.6096448770529,0.967715823056045,706.8992098620333,542.1997375488281,0.969620494262178,706.0477255200052,541.0505065917969,0.9723346507309176,710.5969203194973,549.6768798828125,0.9751916575401172,715.9277359465805,562.0784454345703,0.980143802676063,718.5766327371484,574.139404296875,75.52949694194456,,"[""target_history"",""temperature"",""humidity"",""dew_point"",""cloud_type"",""solar_zenith"",""pressure"",""wind_direction"",""wind_speed"",""cal_hour"",""cal_dayofweek"",""cal_month""]",2098,/content/drive/MyDrive/SpikeLoRA_TS_R2_results/checkpoints/E3/E3_base_WS_canonical_seed2_1c553ec25a0e.pt,boundary_analysis,/content/drive/MyDrive/SpikeLoRA_TS_R2_results/predictions/E3/WS_to_SR_fullft_seed2_frac0.1_SpikeLoRA-TS-R2-corrected-v1.npz,,
SpikeLoRA-TS-R2-corrected-v1,2026-07-20,1c553ec25a0e,SR,2,GHI,date,15,96,1440,"[1,2,4,8,24]","[15,30,60,120,360]",12,"[""target_history"",""temperature"",""humidity"",""dew_point"",""cloud_type"",""solar_zenith"",""pressure"",""wind_direction"",""wind_speed"",""cal_hour"",""cal_dayofweek"",""cal_month""]",0,d30c392eddf014df2a416d4071fc87fbde68c18b8222041368028de94289252f,cuda,2.11.0+cu128,WS,SR,lora,0.1,11,0.2573792913146644,18,25.12658380900029,433.15625,1787.18359375,76429,1160,0.2989263534545898,0.004425048828125,0.0151774849860654,246.64744903443687,165.06879284369492,138.77017814066664,250.2274721358685,165.19309974635172,134.67948289625883,249.02427345085044,164.9583074659525,135.7584513877264,243.45977182893128,164.77335687494465,136.82091240272064,248.5722813639444,168.23180980872192,140.982727322142,241.8410726805388,162.18739032250383,145.6093166944854,0.05,5226,0.9553068901480882,780.001206042234,0.9515737345840676,803.5389893063476,628.0687866210938,0.9511451835626876,794.3702048000214,621.3662261962891,0.95719251464216,776.3368504163986,603.3321228027344,0.9567163468406268,773.1269258715574,612.0110473632812,0.9599066711108994,752.633059816845,607.7465209960938,75.52949694194456,,"[""target_history"",""temperature"",""humidity"",""dew_point"",""cloud_type"",""solar_zenith"",""pressure"",""wind_direction"",""wind_speed"",""cal_hour"",""cal_dayofweek"",""cal_month""]",2098,/content/drive/MyDrive/SpikeLoRA_TS_R2_results/checkpoints/E3/E3_base_WS_canonical_seed2_1c553ec25a0e.pt,boundary_analysis,/content/drive/MyDrive/SpikeLoRA_TS_R2_results/predictions/E3/WS_to_SR_lora_seed2_frac0.1_SpikeLoRA-TS-R2-corrected-v1.npz,,
SpikeLoRA-TS-R2-corrected-v1,2026-07-20,1c553ec25a0e,SR,2,GHI,date,15,96,1440,"[1,2,4,8,24]","[15,30,60,120,360]",12,"[""target_history"",""temperature"",""humidity"",""dew_point"",""cloud_type"",""solar_zenith"",""pressure"",""wind_direction"",""wind_speed"",""cal_hour"",""cal_dayofweek"",""cal_month""]",0,d30c392eddf014df2a416d4071fc87fbde68c18b8222041368028de94289252f,cuda,2.11.0+cu128,WS,SR,spikelora,0.1,11,0.2604618781013503,18,32.11357093100014,445.64453125,1787.18359375,76429,1160,0.2989873886108398,0.004425048828125,0.0151774849860654,244.68084749626536,160.434682724023,136.22885603202926,248.4566748589306,153.68799134921042,132.57044493117442,248.73973840464487,153.8590774699612,133.43222320411255,240.0019446949777,154.69200955124776,134.1024934942737,232.40450495374083,157.35830695015733,134.06473368236348,253.2362958458391,182.57602829953828,146.97438484822203,0.05,5226,0.957163944574068,805.9380513423863,0.9563830293795532,843.3000654979215,668.7222290039062,0.9550497595352604,836.7788008996904,661.3673248291016,0.9566687300604731,817.0653592294003,628.8157043457031,0.9604780724727394,787.6575440693388,592.7992553710938,0.9572401314223132,744.8884870155806,585.3358306884766,75.52949694194456,31.88341976351641,"[""target_history"",""temperature"",""humidity"",""dew_point"",""cloud_type"",""solar_zenith"",""pressure"",""wind_direction"",""wind_speed"",""cal_hour"",""cal_dayofweek"",""cal_month""]",2098,/content/drive/MyDrive/SpikeLoRA_TS_R2_results/checkpoints/E3/E3_base_WS_canonical_seed2_1c553ec25a0e.pt,boundary_analysis,/content/drive/MyDrive/SpikeLoRA_TS_R2_results/predictions/E3/WS_to_SR_spikelora_seed2_frac0.1_SpikeLoRA-TS-R2-corrected-v1.npz,31.91640241833722,28.71708490071901
SpikeLoRA-TS-R2-corrected-v1,2026-07-20,1c553ec25a0e,SR,2,GHI,date,15,96,1440,"[1,2,4,8,24]","[15,30,60,120,360]",12,"[""target_history"",""temperature"",""humidity"",""dew_point"",""cloud_type"",""solar_zenith"",""pressure"",""wind_direction"",""wind_speed"",""cal_hour"",""cal_dayofweek"",""cal_month""]",0,d30c392eddf014df2a416d4071fc87fbde68c18b8222041368028de94289252f,cuda,2.11.0+cu128,WS,SR,fullft,0.2,5,0.2492295087319062,12,30.289936519002367,430.693359375,1787.18359375,75269,75269,0.2930173873901367,0.2871284484863281,1.0,216.3922515522068,133.81141111788867,135.48825187039844,209.91515786117563,124.65709421987856,129.19694302294985,209.3242549548044,125.82731425558396,130.57479881269035,209.47612709256464,127.59709200248976,133.04868774565713,213.44207042413927,133.54596611172988,137.13502681129896,238.3469114510565,157.42958899976117,147.48580295939598,0.05,5226,0.9646588257702016,716.6828088852196,0.9616684919765726,719.5731048246128,561.4264526367188,0.9639540974239322,719.4225712955058,562.011474609375,0.9641445645445454,717.0568734147164,561.9541625976562,0.9662873196514452,716.6867778402619,567.2989501953125,0.9672396552545116,710.6747170510016,582.1002807617188,75.52949694194456,,"[""target_history"",""temperature"",""humidity"",""dew_point"",""cloud_type"",""solar_zenith"",""pressure"",""wind_direction"",""wind_speed"",""cal_hour"",""cal_dayofweek"",""cal_month""]",4196,/content/drive/MyDrive/SpikeLoRA_TS_R2_results/checkpoints/E3/E3_base_WS_canonical_seed2_1c553ec25a0e.pt,boundary_analysis,/content/drive/MyDrive/SpikeLoRA_TS_R2_results/predictions/E3/WS_to_SR_fullft_seed2_frac0.2_SpikeLoRA-TS-R2-corrected-v1.npz,,
SpikeLoRA-TS-R2-corrected-v1,2026-07-20,1c553ec25a0e,SR,2,GHI,date,15,96,1440,"[1,2,4,8,24]","[15,30,60,120,360]",12,"[""target_history"",""temperature"",""humidity"",""dew_point"",""cloud_type"",""solar_zenith"",""pressure"",""wind_direction"",""wind_speed"",""cal_hour"",""cal_dayofweek"",""cal_month""]",0,d30c392eddf014df2a416d4071fc87fbde68c18b8222041368028de94289252f,cuda,2.11.0+cu128,WS,SR,lora,0.2,12,0.2465390454716852,19,38.32901168299941,433.15625,1787.19140625,76429,1160,0.2989263534545898,0.004425048828125,0.0151774849860654,232.8003647974122,158.30594994853004,135.87854220269577,237.74794788934403,156.8111522651492,131.11257655502826,234.7770525875069,156.77001997845656,132.27913620539692,232.2648923247278,158.62074432256796,134.4823642809295,234.5631837282997,163.26719843429086,139.99838168815387,224.43001299825377,156.0606347421857,141.52025228397014,0.05,5226,0.9582877005856864,752.6666542826661,0.954287891052807,789.8256400835684,603.5088806152344,0.9567163468406268,781.2626531908021,594.361083984375,0.9566687300604731,757.0491145638805,574.4813842773438,0.9596209704299796,736.3008040346467,566.760498046875,0.9641445645445454,698.8950595404328,549.0042419433594,75.52949694194456,,"[""target_history"",""temperature"",""humidity"",""dew_point"",""cloud_type"",""solar_zenith"",""pressure"",""wind_direction"",""wind_speed"",""cal_hour"",""cal_dayofweek"",""cal_month""]",4196,/content/drive/MyDrive/SpikeLoRA_TS_R2_results/checkpoints/E3/E3_base_WS_canonical_seed2_1c553ec25a0e.pt,boundary_analysis,/content/drive/MyDrive/SpikeLoRA_TS_R2_results/predictions/E3/WS_to_SR_lora_seed2_frac0.2_SpikeLoRA-TS-R2-corrected-v1.npz,,
SpikeLoRA-TS-R2-corrected-v1,2026-07-20,1c553ec25a0e,SR,2,GHI,date,15,96,1440,"[1,2,4,8,24]","[15,30,60,120,360]",12,"[""target_history"",""temperature"",""humidity"",""dew_point"",""cloud_type"",""solar_zenith"",""pressure"",""wind_direction"",""wind_speed"",""cal_hour"",""cal_dayofweek"",""cal_month""]",0,d30c392eddf014df2a416d4071fc87fbde68c18b8222041368028de94289252f,cuda,2.11.0+cu128,WS,SR,spikelora,0.2,18,0.2519970662889013,25,64.685793405999,445.64453125,1787.19921875,76429,1160,0.2989873886108398,0.004425048828125,0.0151774849860654,246.88355900390584,157.90707189922225,138.02229659223028,248.0425918389058,152.02983266440728,132.8342018481964,248.8262154541828,153.41958437864625,134.0276650622326,248.06739683202773,155.46882031714426,135.9842249675598,250.35217682737232,163.0440648448881,139.67036519952157,238.96485066958965,165.57305729102535,147.5950258836411,0.05,5226,0.9559259082900814,791.1938769331297,0.9531927051092806,810.9673856443964,644.444091796875,0.953859340031427,809.7899634413626,641.9676361083984,0.9539069568115804,804.0596937135335,634.3514404296875,0.9573353649826198,810.9724043564628,641.4074096679688,0.9613351745154992,720.1799375098931,578.6552429199219,75.52949694194456,32.14644878226221,"[""target_history"",""temperature"",""humidity"",""dew_point"",""cloud_type"",""solar_zenith"",""pressure"",""wind_direction"",""wind_speed"",""cal_hour"",""cal_dayofweek"",""cal_month""]",4196,/content/drive/MyDrive/SpikeLoRA_TS_R2_results/checkpoints/E3/E3_base_WS_canonical_seed2_1c553ec25a0e.pt,boundary_analysis,/content/drive/MyDrive/SpikeLoRA_TS_R2_results/predictions/E3/WS_to_SR_spikelora_seed2_frac0.2_SpikeLoRA-TS-R2-corrected-v1.npz,32.102121036151054,36.40191240893291
SpikeLoRA-TS-R2-corrected-v1,2026-07-20,1c553ec25a0e,SR,2,GHI,date,15,96,1440,"[1,2,4,8,24]","[15,30,60,120,360]",12,"[""target_history"",""temperature"",""humidity"",""dew_point"",""cloud_type"",""solar_zenith"",""pressure"",""wind_direction"",""wind_speed"",""cal_hour"",""cal_dayofweek"",""cal_month""]",0,d30c392eddf014df2a416d4071fc87fbde68c18b8222041368028de94289252f,cuda,2.11.0+cu128,WS,SR,fullft,0.5,7,0.2010303353138732,14,74.38311640900065,430.693359375,1787.19921875,75269,75269,0.2930173873901367,0.2871284484863281,1.0,186.52261575143908,118.90172194297482,128.94372421949498,179.1819388531243,112.7082051323071,123.8363960421042,179.3641331057122,113.2909870372035,124.6356466177815,180.4462997259976,115.28294386726796,126.64904545841074,187.0505618610208,122.21521012623316,130.7303855521756,205.2486094972104,131.01126355186236,138.86714742700286,0.05,5226,0.9645921622779868,647.4284137448824,0.9669063377934384,640.2973378874746,465.10205078125,0.964668349126232,636.3390810841022,461.74713134765625,0.9642397981048522,638.7146085226265,464.33935546875,0.965954002190372,649.2287311385935,478.1527099609375,0.9611923241750392,672.5623100916151,522.5509338378906,75.52949694194456,,"[""target_history"",""temperature"",""humidity"",""dew_point"",""cloud_type"",""solar_zenith"",""pressure"",""wind_direction"",""wind_speed"",""cal_hour"",""cal_dayofweek"",""cal_month""]",10488,/content/drive/MyDrive/SpikeLoRA_TS_R2_results/checkpoints/E3/E3_base_WS_canonical_seed2_1c553ec25a0e.pt,boundary_analysis,/content/drive/MyDrive/SpikeLoRA_TS_R2_results/predictions/E3/WS_to_SR_fullft_seed2_frac0.5_SpikeLoRA-TS-R2-corrected-v1.npz,,
SpikeLoRA-TS-R2-corrected-v1,2026-07-20,1c553ec25a0e,SR,2,GHI,date,15,96,1440,"[1,2,4,8,24]","[15,30,60,120,360]",12,"[""target_history"",""temperature"",""humidity"",""dew_point"",""cloud_type"",""solar_zenith"",""pressure"",""wind_direction"",""wind_speed"",""cal_hour"",""cal_dayofweek"",""cal_month""]",0,d30c392eddf014df2a416d4071fc87fbde68c18b8222041368028de94289252f,cuda,2.11.0+cu128,WS,SR,lora,0.5,10,0.2090770550217612,17,67.13449996000054,433.15625,1787.2109375,76429,1160,0.2989263534545898,0.004425048828125,0.0151774849860654,206.3797545137156,140.9820847763004,128.62471022245373,213.629159848843,145.72819349206202,126.5015342249851,206.27842487207133,139.36832698990767,125.56364487781455,214.8952882563179,147.53086529047818,129.35636280718975,210.9043631788216,144.39409860509514,132.29188993167008,184.70022614401992,127.88893950395904,129.41011927060924,0.05,5226,0.956392552735584,694.5465357458448,0.9532879386695872,715.5379765611689,507.33343505859375,0.9555735441169468,697.7260441007878,492.4611206054688,0.9531927051092806,710.0085516256138,511.5472717285156,0.9550021427551068,701.4919693227847,512.675537109375,0.9649064330269989,647.9681371188688,474.30908203125,75.52949694194456,,"[""target_history"",""temperature"",""humidity"",""dew_point"",""cloud_type"",""solar_zenith"",""pressure"",""wind_direction"",""wind_speed"",""cal_hour"",""cal_dayofweek"",""cal_month""]",10488,/content/drive/MyDrive/SpikeLoRA_TS_R2_results/checkpoints/E3/E3_base_WS_canonical_seed2_1c553ec25a0e.pt,boundary_analysis,/content/drive/MyDrive/SpikeLoRA_TS_R2_results/predictions/E3/WS_to_SR_lora_seed2_frac0.5_SpikeLoRA-TS-R2-corrected-v1.npz,,
SpikeLoRA-TS-R2-corrected-v1,2026-07-20,1c553ec25a0e,SR,2,GHI,date,15,96,1440,"[1,2,4,8,24]","[15,30,60,120,360]",12,"[""target_history"",""temperature"",""humidity"",""dew_point"",""cloud_type"",""solar_zenith"",""pressure"",""wind_direction"",""wind_speed"",""cal_hour"",""cal_dayofweek"",""cal_month""]",0,d30c392eddf014df2a416d4071fc87fbde68c18b8222041368028de94289252f,cuda,2.11.0+cu128,WS,SR,spikelora,0.5,10,0.2205687093805454,17,85.1508545559991,445.64453125,1787.21875,76429,1160,0.2989873886108398,0.004425048828125,0.0151774849860654,231.08273476408635,145.82156397246115,134.2107211106124,227.63658207626264,140.27033270734202,128.60447543604104,231.23979336355487,142.140001619142,129.8853203034605,234.4805945874192,145.12212805809062,132.62382906975793,241.17706052649424,153.8674107563336,137.77298710219205,220.35964293352995,147.70794672139752,142.16699364161053,0.05,5226,0.9550307128231988,764.1953145947866,0.9490976620160944,756.8910390954603,576.1732788085938,0.9536688729108138,777.384213078244,599.4406890869141,0.954002190371887,782.9746905028449,609.2764892578125,0.9565258797200134,785.5286888106938,625.8900146484375,0.961858959097186,718.1979414866905,561.5210266113281,75.52949694194456,30.87767865865003,"[""target_history"",""temperature"",""humidity"",""dew_point"",""cloud_type"",""solar_zenith"",""pressure"",""wind_direction"",""wind_speed"",""cal_hour"",""cal_dayofweek"",""cal_month""]",10488,/content/drive/MyDrive/SpikeLoRA_TS_R2_results/checkpoints/E3/E3_base_WS_canonical_seed2_1c553ec25a0e.pt,boundary_analysis,/content/drive/MyDrive/SpikeLoRA_TS_R2_results/predictions/E3/WS_to_SR_spikelora_seed2_frac0.5_SpikeLoRA-TS-R2-corrected-v1.npz,30.958223219529227,23.14540081424694
SpikeLoRA-TS-R2-corrected-v1,2026-07-20,1c553ec25a0e,WP,0,LV ActivePower (kW),date,10,96,960,"[1,2,4,8,24]","[10,20,40,80,240]",12,"[""target_history"",""temperature"",""humidity"",""dew_point"",""cloud_type"",""solar_zenith"",""pressure"",""wind_direction"",""wind_speed"",""cal_hour"",""cal_dayofweek"",""cal_month""]",0,768521f386057b400c9eb5e5d45c124a0c4b5129e0f13d8ff4350099d14e5870,cuda,2.11.0+cu128,WS,WP,fullft,0.1,1,0.6381005427850324,8,6.271860344997549,430.693359375,1787.4375,75269,75269,0.2930173873901367,0.2871284484863281,1.0,1288.536211048723,973.5341734709914,99.4241325574517,1278.8079355205932,958.6502928387132,98.18625677546164,1287.577389903022,966.8111204123076,98.52401895833935,1289.6941352062058,970.0742121408564,99.08251124830991,1295.0687178926032,974.100468311158,99.25353133285938,1291.4753650495256,998.0347736519216,102.07434447228808,0.05,2393,0.9721584445133932,4034.134492140283,0.9686627365808254,4052.636619385599,2842.2156982421875,0.971662012617644,4089.391836966683,2874.893798828125,0.9714551659944152,4081.213873872393,2872.032287597656,0.9748681352776916,4098.316877979985,2905.072998046875,0.9741441720963904,3849.113252496754,2729.6635131835938,86.77425025281254,,"[""target_history"",""temperature"",""humidity"",""dew_point"",""cloud_type"",""solar_zenith"",""pressure"",""wind_direction"",""wind_speed"",""cal_hour"",""cal_dayofweek"",""cal_month""]",965,/content/drive/MyDrive/SpikeLoRA_TS_R2_results/checkpoints/E3/E3_base_WS_canonical_seed0_1c553ec25a0e.pt,boundary_analysis,/content/drive/MyDrive/SpikeLoRA_TS_R2_results/predictions/E3/WS_to_WP_fullft_seed0_frac0.1_SpikeLoRA-TS-R2-corrected-v1.npz,,
SpikeLoRA-TS-R2-corrected-v1,2026-07-20,1c553ec25a0e,WP,0,LV ActivePower (kW),date,10,96,960,"[1,2,4,8,24]","[10,20,40,80,240]",12,"[""target_history"",""temperature"",""humidity"",""dew_point"",""cloud_type"",""solar_zenith"",""pressure"",""wind_direction"",""wind_speed"",""cal_hour"",""cal_dayofweek"",""cal_month""]",0,768521f386057b400c9eb5e5d45c124a0c4b5129e0f13d8ff4350099d14e5870,cuda,2.11.0+cu128,WS,WP,lora,0.1,4,0.7047465862811384,11,6.652309551998769,433.15625,1787.4375,76429,1160,0.2989263534545898,0.004425048828125,0.0151774849860654,1258.1330801552522,940.59469614529,99.80138411442242,1246.6087465823891,916.9667461417752,98.17446741203744,1256.3453393453926,921.2148935237312,98.85843497554278,1261.621178068328,931.5722509169728,100.33896165228104,1268.284957116515,941.7794539415796,100.64300328391997,1257.7052630706255,991.4401362023908,100.99205324833096,0.05,2393,0.9587754679904852,3695.51785336458,0.9537697797083464,3690.039919144736,2665.2125244140625,0.955114282759334,3703.1332041817054,2692.5732421875,0.955114282759334,3708.70019302739,2702.401733398437,0.9630778777536456,3741.238043295584,2740.8466796875,0.9668011169717654,3634.477907173488,2523.9267578125,86.77425025281254,,"[""target_history"",""temperature"",""humidity"",""dew_point"",""cloud_type"",""solar_zenith"",""pressure"",""wind_direction"",""wind_speed"",""cal_hour"",""cal_dayofweek"",""cal_month""]",965,/content/drive/MyDrive/SpikeLoRA_TS_R2_results/checkpoints/E3/E3_base_WS_canonical_seed0_1c553ec25a0e.pt,boundary_analysis,/content/drive/MyDrive/SpikeLoRA_TS_R2_results/predictions/E3/WS_to_WP_lora_seed0_frac0.1_SpikeLoRA-TS-R2-corrected-v1.npz,,
SpikeLoRA-TS-R2-corrected-v1,2026-07-20,1c553ec25a0e,WP,0,LV ActivePower (kW),date,10,96,960,"[1,2,4,8,24]","[10,20,40,80,240]",12,"[""target_history"",""temperature"",""humidity"",""dew_point"",""cloud_type"",""solar_zenith"",""pressure"",""wind_direction"",""wind_speed"",""cal_hour"",""cal_dayofweek"",""cal_month""]",0,768521f386057b400c9eb5e5d45c124a0c4b5129e0f13d8ff4350099d14e5870,cuda,2.11.0+cu128,WS,WP,spikelora,0.1,7,0.6140383450595395,14,12.247554625999328,445.64453125,1787.4375,76429,1160,0.2989873886108398,0.004425048828125,0.0151774849860654,1251.6595480861083,957.3683982344912,99.66083389607216,1237.9195109409686,933.9106022567188,98.05013295552314,1243.755395055406,938.2029394074228,98.41051084039904,1251.2796781815848,949.2465236220764,99.4160783355198,1261.020201145645,962.4322706840564,99.76779036866792,1264.1254457332295,1003.0496552021824,102.65965698025092,0.05,2393,0.9673389181921606,3962.976209307876,0.963388147688489,3958.1955399441736,2712.7447509765625,0.9643189574930188,3960.848215035093,2714.7945556640625,0.965766883855621,3994.970317250756,2746.7847900390625,0.9714551659944152,4061.8457726125375,2797.0562744140625,0.9717654359292583,3839.021201696819,2637.76806640625,86.77425025281254,49.22648425779913,"[""target_history"",""temperature"",""humidity"",""dew_point"",""cloud_type"",""solar_zenith"",""pressure"",""wind_direction"",""wind_speed"",""cal_hour"",""cal_dayofweek"",""cal_month""]",965,/content/drive/MyDrive/SpikeLoRA_TS_R2_results/checkpoints/E3/E3_base_WS_canonical_seed0_1c553ec25a0e.pt,boundary_analysis,/content/drive/MyDrive/SpikeLoRA_TS_R2_results/predictions/E3/WS_to_WP_spikelora_seed0_frac0.1_SpikeLoRA-TS-R2-corrected-v1.npz,49.237239610266485,48.19397042093288
SpikeLoRA-TS-R2-corrected-v1,2026-07-20,1c553ec25a0e,WP,0,LV ActivePower (kW),date,10,96,960,"[1,2,4,8,24]","[10,20,40,80,240]",12,"[""target_history"",""temperature"",""humidity"",""dew_point"",""cloud_type"",""solar_zenith"",""pressure"",""wind_direction"",""wind_speed"",""cal_hour"",""cal_dayofweek"",""cal_month""]",0,768521f386057b400c9eb5e5d45c124a0c4b5129e0f13d8ff4350099d14e5870,cuda,2.11.0+cu128,WS,WP,fullft,0.2,4,0.5748635222111792,11,13.159204976000185,430.693359375,1787.4375,75269,75269,0.2930173873901367,0.2871284484863281,1.0,1086.1910622832504,859.2103022281159,89.88535199459722,1048.0304559291417,818.7146603920329,88.49933546101362,1056.5846389232402,823.5494255297111,88.70565407320706,1065.829708406859,838.5987101653601,89.20235688564415,1088.2903231051166,858.9561270535183,89.93781463631532,1167.8815815268222,956.2325879999568,93.081598916806,0.05,2393,0.9771434481332092,3846.0679167492335,0.977557141379667,3880.683028488325,2512.451416015625,0.9785913744958114,3891.105993561445,2533.2449951171875,0.978281104560968,3878.655601596941,2512.201171875,0.9797290309235702,3890.397177798509,2542.595947265625,0.9715585893060296,3689.497782300949,2371.4783935546875,86.77425025281254,,"[""target_history"",""temperature"",""humidity"",""dew_point"",""cloud_type"",""solar_zenith"",""pressure"",""wind_direction"",""wind_speed"",""cal_hour"",""cal_dayofweek"",""cal_month""]",1929,/content/drive/MyDrive/SpikeLoRA_TS_R2_results/checkpoints/E3/E3_base_WS_canonical_seed0_1c553ec25a0e.pt,boundary_analysis,/content/drive/MyDrive/SpikeLoRA_TS_R2_results/predictions/E3/WS_to_WP_fullft_seed0_frac0.2_SpikeLoRA-TS-R2-corrected-v1.npz,,
SpikeLoRA-TS-R2-corrected-v1,2026-07-20,1c553ec25a0e,WP,0,LV ActivePower (kW),date,10,96,960,"[1,2,4,8,24]","[10,20,40,80,240]",12,"[""target_history"",""temperature"",""humidity"",""dew_point"",""cloud_type"",""solar_zenith"",""pressure"",""wind_direction"",""wind_speed"",""cal_hour"",""cal_dayofweek"",""cal_month""]",0,768521f386057b400c9eb5e5d45c124a0c4b5129e0f13d8ff4350099d14e5870,cuda,2.11.0+cu128,WS,WP,lora,0.2,15,0.4952309364760415,22,21.046663997,433.15625,1787.4375,76429,1160,0.2989263534545898,0.004425048828125,0.0151774849860654,980.7975288847716,733.356894301224,84.65100979420134,935.884692668452,684.2867584338984,82.6294554056588,940.918531266644,695.8191525290333,82.78852256675825,950.4137018338204,706.9270907062843,83.7903460676439,974.2553919332444,736.2502224005196,85.34340679032371,1093.687043690199,843.5012474363846,88.70331814062207,0.05,2393,0.952528699968973,3452.762354297108,0.9485986141276244,3350.7630718443065,2038.8502197265625,0.9479780742579378,3341.061417243019,2021.5582275390625,0.9533560864618884,3381.025431378229,2049.29541015625,0.9537697797083464,3411.98703577679,2082.126220703125,0.958940945289068,3778.974815243192,2301.2635498046875,86.77425025281254,,"[""target_history"",""temperature"",""humidity"",""dew_point"",""cloud_type"",""solar_zenith"",""pressure"",""wind_direction"",""wind_speed"",""cal_hour"",""cal_dayofweek"",""cal_month""]",1929,/content/drive/MyDrive/SpikeLoRA_TS_R2_results/checkpoints/E3/E3_base_WS_canonical_seed0_1c553ec25a0e.pt,boundary_analysis,/content/drive/MyDrive/SpikeLoRA_TS_R2_results/predictions/E3/WS_to_WP_lora_seed0_frac0.2_SpikeLoRA-TS-R2-corrected-v1.npz,,
SpikeLoRA-TS-R2-corrected-v1,2026-07-20,1c553ec25a0e,WP,0,LV ActivePower (kW),date,10,96,960,"[1,2,4,8,24]","[10,20,40,80,240]",12,"[""target_history"",""temperature"",""humidity"",""dew_point"",""cloud_type"",""solar_zenith"",""pressure"",""wind_direction"",""wind_speed"",""cal_hour"",""cal_dayofweek"",""cal_month""]",0,768521f386057b400c9eb5e5d45c124a0c4b5129e0f13d8ff4350099d14e5870,cuda,2.11.0+cu128,WS,WP,spikelora,0.2,5,0.5617547784447421,12,14.68725204599832,445.64453125,1787.4453125,76429,1160,0.2989873886108398,0.004425048828125,0.0151774849860654,1177.3029002672467,905.776711174798,96.17811809829855,1147.9146704721693,866.2734828486981,93.84653269130388,1156.1868380049507,874.7928395339851,94.36666177988644,1163.09274873988,885.7293297995184,95.29584456506922,1189.2344120363296,920.7752771459428,97.50270337743116,1228.2798015454591,981.3126265458452,99.87884807780208,0.05,2393,0.9596028544834004,3687.589004748585,0.9582169821077672,3681.143919560197,2493.0103149414062,0.9571827489916228,3677.339268786077,2493.873291015625,0.9563553624987072,3694.4501914366506,2497.9005737304688,0.9576998655496948,3674.710595472089,2505.1148681640625,0.9685593132692109,3710.3010484879087,2494.9041748046875,86.77425025281254,50.75876525893678,"[""target_history"",""temperature"",""humidity"",""dew_point"",""cloud_type"",""solar_zenith"",""pressure"",""wind_direction"",""wind_speed"",""cal_hour"",""cal_dayofweek"",""cal_month""]",1929,/content/drive/MyDrive/SpikeLoRA_TS_R2_results/checkpoints/E3/E3_base_WS_canonical_seed0_1c553ec25a0e.pt,boundary_analysis,/content/drive/MyDrive/SpikeLoRA_TS_R2_results/predictions/E3/WS_to_WP_spikelora_seed0_frac0.2_SpikeLoRA-TS-R2-corrected-v1.npz,50.69632639858482,56.7528958527252
SpikeLoRA-TS-R2-corrected-v1,2026-07-20,1c553ec25a0e,WP,0,LV ActivePower (kW),date,10,96,960,"[1,2,4,8,24]","[10,20,40,80,240]",12,"[""target_history"",""temperature"",""humidity"",""dew_point"",""cloud_type"",""solar_zenith"",""pressure"",""wind_direction"",""wind_speed"",""cal_hour"",""cal_dayofweek"",""cal_month""]",0,768521f386057b400c9eb5e5d45c124a0c4b5129e0f13d8ff4350099d14e5870,cuda,2.11.0+cu128,WS,WP,fullft,0.5,2,0.5454481407234074,9,21.93739703599931,430.693359375,1787.4453125,75269,75269,0.2930173873901367,0.2871284484863281,1.0,983.1407967012676,757.4716519985343,85.76605652443386,939.985107546981,711.1978146257834,83.8722152956285,946.5151876959408,716.9446330964596,84.05809347504345,959.2561863089984,730.2022247046174,84.73112392596583,982.1001173653848,755.0665287937469,85.5556882953858,1081.0518286565357,873.9470587720643,90.61316163014564,0.05,2393,0.961919536663564,3482.268193825739,0.960802564898128,3417.356230966677,2084.0181274414062,0.9601820250284414,3398.5777962787506,2067.266967773437,0.9587340986658393,3411.848725820256,2070.3056640625,0.9601820250284414,3476.170726631331,2113.926147460937,0.9696969696969696,3707.3874894316814,2246.060913085937,86.77425025281254,,"[""target_history"",""temperature"",""humidity"",""dew_point"",""cloud_type"",""solar_zenith"",""pressure"",""wind_direction"",""wind_speed"",""cal_hour"",""cal_dayofweek"",""cal_month""]",4822,/content/drive/MyDrive/SpikeLoRA_TS_R2_results/checkpoints/E3/E3_base_WS_canonical_seed0_1c553ec25a0e.pt,boundary_analysis,/content/drive/MyDrive/SpikeLoRA_TS_R2_results/predictions/E3/WS_to_WP_fullft_seed0_frac0.5_SpikeLoRA-TS-R2-corrected-v1.npz,,
SpikeLoRA-TS-R2-corrected-v1,2026-07-20,1c553ec25a0e,WP,0,LV ActivePower (kW),date,10,96,960,"[1,2,4,8,24]","[10,20,40,80,240]",12,"[""target_history"",""temperature"",""humidity"",""dew_point"",""cloud_type"",""solar_zenith"",""pressure"",""wind_direction"",""wind_speed"",""cal_hour"",""cal_dayofweek"",""cal_month""]",0,768521f386057b400c9eb5e5d45c124a0c4b5129e0f13d8ff4350099d14e5870,cuda,2.11.0+cu128,WS,WP,lora,0.5,12,0.4554817355730222,19,35.119581774000835,433.15625,1787.453125,76429,1160,0.2989263534545898,0.004425048828125,0.0151774849860654,1003.4847774749672,766.9066193646415,84.20553825108105,958.896030714882,729.9338503387921,82.84741700802353,977.7084534501164,741.7593239612522,83.2350178422953,977.8159391559296,742.956663915445,83.76333672817272,993.6734922173084,753.4671318140206,84.4882907316542,1102.7248321537938,866.4161267936976,86.69362894525946,0.05,2393,0.9454959147791911,3399.976704744928,0.9419795221843004,3220.365144005852,1880.9559326171875,0.9417726755610716,3256.1612442589458,1903.30322265625,0.9476678043230944,3360.084997903254,1979.3551025390625,0.9460130313372634,3385.500627975945,2002.427490234375,0.9500465404902264,3777.7715095806448,2213.2105712890625,86.77425025281254,,"[""target_history"",""temperature"",""humidity"",""dew_point"",""cloud_type"",""solar_zenith"",""pressure"",""wind_direction"",""wind_speed"",""cal_hour"",""cal_dayofweek"",""cal_month""]",4822,/content/drive/MyDrive/SpikeLoRA_TS_R2_results/checkpoints/E3/E3_base_WS_canonical_seed0_1c553ec25a0e.pt,boundary_analysis,/content/drive/MyDrive/SpikeLoRA_TS_R2_results/predictions/E3/WS_to_WP_lora_seed0_frac0.5_SpikeLoRA-TS-R2-corrected-v1.npz,,
SpikeLoRA-TS-R2-corrected-v1,2026-07-20,1c553ec25a0e,WP,0,LV ActivePower (kW),date,10,96,960,"[1,2,4,8,24]","[10,20,40,80,240]",12,"[""target_history"",""temperature"",""humidity"",""dew_point"",""cloud_type"",""solar_zenith"",""pressure"",""wind_direction"",""wind_speed"",""cal_hour"",""cal_dayofweek"",""cal_month""]",0,768521f386057b400c9eb5e5d45c124a0c4b5129e0f13d8ff4350099d14e5870,cuda,2.11.0+cu128,WS,WP,spikelora,0.5,12,0.4584025931169037,19,43.47731004799789,445.64453125,1787.453125,76429,1160,0.2989873886108398,0.004425048828125,0.0151774849860654,1040.076589660653,767.3656855604594,84.09384640552923,1001.7626702494794,726.5040828031374,82.74079603907936,1006.479520020878,728.6892371126878,83.0460877431005,1012.4903183775974,739.1228658147677,83.39163521578757,1042.234711609137,765.7954440415244,84.0767410195652,1131.7584774069512,876.7167980301798,87.21397201011355,0.05,2393,0.9272520426104044,3351.9570704465764,0.925121522391147,3190.35613995997,1860.677734375,0.924397559209846,3194.7674804207754,1865.398193359375,0.9271899886234356,3258.6539625861624,1896.412841796875,0.9264660254421346,3362.127451708181,1960.645263671875,0.9330851173854586,3753.8803175577937,2183.8765869140625,86.77425025281254,47.53229113022488,"[""target_history"",""temperature"",""humidity"",""dew_point"",""cloud_type"",""solar_zenith"",""pressure"",""wind_direction"",""wind_speed"",""cal_hour"",""cal_dayofweek"",""cal_month""]",4822,/content/drive/MyDrive/SpikeLoRA_TS_R2_results/checkpoints/E3/E3_base_WS_canonical_seed0_1c553ec25a0e.pt,boundary_analysis,/content/drive/MyDrive/SpikeLoRA_TS_R2_results/predictions/E3/WS_to_WP_spikelora_seed0_frac0.5_SpikeLoRA-TS-R2-corrected-v1.npz,47.407130108142,59.54774925018099
SpikeLoRA-TS-R2-corrected-v1,2026-07-20,1c553ec25a0e,WP,1,LV ActivePower (kW),date,10,96,960,"[1,2,4,8,24]","[10,20,40,80,240]",12,"[""target_history"",""temperature"",""humidity"",""dew_point"",""cloud_type"",""solar_zenith"",""pressure"",""wind_direction"",""wind_speed"",""cal_hour"",""cal_dayofweek"",""cal_month""]",0,768521f386057b400c9eb5e5d45c124a0c4b5129e0f13d8ff4350099d14e5870,cuda,2.11.0+cu128,WS,WP,fullft,0.1,7,0.6243998520154113,14,10.577638434999244,430.693359375,1787.453125,75269,75269,0.2930173873901367,0.2871284484863281,1.0,1175.6612853032163,875.8844777895408,93.49761152859396,1143.454666396556,836.3526980733167,91.1646926220896,1145.4810818425694,841.7372549453311,91.57726408046584,1156.9495686810717,853.2804327513146,92.45140424996796,1174.9256861928204,878.3535178217354,93.6380542327324,1253.913527039957,969.6984853560064,98.65664245771404,0.05,2393,0.9858516909711448,4063.7111008702,0.9842796566346056,4039.857161271485,2788.9873046875,0.9838659633881476,4038.616751492216,2783.348693847656,0.9862446995552796,4079.828218121381,2827.0824584960938,0.9868652394249664,4103.736310753116,2852.8005981445312,0.9880028958527252,4056.5170627128055,2864.9987182617188,86.77425025281254,,"[""target_history"",""temperature"",""humidity"",""dew_point"",""cloud_type"",""solar_zenith"",""pressure"",""wind_direction"",""wind_speed"",""cal_hour"",""cal_dayofweek"",""cal_month""]",965,/content/drive/MyDrive/SpikeLoRA_TS_R2_results/checkpoints/E3/E3_base_WS_canonical_seed1_1c553ec25a0e.pt,boundary_analysis,/content/drive/MyDrive/SpikeLoRA_TS_R2_results/predictions/E3/WS_to_WP_fullft_seed1_frac0.1_SpikeLoRA-TS-R2-corrected-v1.npz,,
SpikeLoRA-TS-R2-corrected-v1,2026-07-20,1c553ec25a0e,WP,1,LV ActivePower (kW),date,10,96,960,"[1,2,4,8,24]","[10,20,40,80,240]",12,"[""target_history"",""temperature"",""humidity"",""dew_point"",""cloud_type"",""solar_zenith"",""pressure"",""wind_direction"",""wind_speed"",""cal_hour"",""cal_dayofweek"",""cal_month""]",0,768521f386057b400c9eb5e5d45c124a0c4b5129e0f13d8ff4350099d14e5870,cuda,2.11.0+cu128,WS,WP,lora,0.1,5,0.6043614910777722,12,8.069949305998307,433.15625,1787.453125,76429,1160,0.2989263534545898,0.004425048828125,0.0151774849860654,1245.9161324542613,958.8448417484458,95.5028712658344,1217.3636840446125,910.6947136749858,94.8319064346261,1220.5117413037017,917.8581328218928,94.7882021861806,1232.333734266039,936.6342561970156,95.00938091647424,1256.4965133604771,978.0091745958714,95.61208522528554,1300.9542170887266,1051.0279314524632,97.2727815666055,0.05,2393,0.983990071362085,4249.934909343256,0.9832454235184612,4211.952231458948,2851.6783447265625,0.9822111904023166,4214.710251474691,2842.663330078125,0.9835556934533044,4257.597578114395,2857.025756835937,0.9831420002068466,4315.755658784023,2862.4136352539062,0.9877960492294964,4249.658826884223,2827.366455078125,86.77425025281254,,"[""target_history"",""temperature"",""humidity"",""dew_point"",""cloud_type"",""solar_zenith"",""pressure"",""wind_direction"",""wind_speed"",""cal_hour"",""cal_dayofweek"",""cal_month""]",965,/content/drive/MyDrive/SpikeLoRA_TS_R2_results/checkpoints/E3/E3_base_WS_canonical_seed1_1c553ec25a0e.pt,boundary_analysis,/content/drive/MyDrive/SpikeLoRA_TS_R2_results/predictions/E3/WS_to_WP_lora_seed1_frac0.1_SpikeLoRA-TS-R2-corrected-v1.npz,,
SpikeLoRA-TS-R2-corrected-v1,2026-07-20,1c553ec25a0e,WP,1,LV ActivePower (kW),date,10,96,960,"[1,2,4,8,24]","[10,20,40,80,240]",12,"[""target_history"",""temperature"",""humidity"",""dew_point"",""cloud_type"",""solar_zenith"",""pressure"",""wind_direction"",""wind_speed"",""cal_hour"",""cal_dayofweek"",""cal_month""]",0,768521f386057b400c9eb5e5d45c124a0c4b5129e0f13d8ff4350099d14e5870,cuda,2.11.0+cu128,WS,WP,spikelora,0.1,14,0.6184660245621997,21,17.237633235999965,445.64453125,1787.453125,76429,1160,0.2989873886108398,0.004425048828125,0.0151774849860654,1140.3210675061655,857.2219603785193,94.05442672077952,1111.150220635674,822.8264754474169,92.29442583445076,1112.6425348725822,827.2603902237802,92.5669951041014,1116.3790877569947,833.8080731931524,92.97244292508684,1127.101635110892,852.7359036374504,93.47151670162776,1229.7853870959866,949.4789593907964,98.9667530386308,0.05,2393,0.9813424345847556,4044.521204695237,0.9772468714448236,3976.936612512595,2692.960205078125,0.979211914365498,4018.498302744172,2726.1804809570312,0.9836591167649188,4083.045497842604,2785.390625,0.9829351535836176,4061.040669298305,2762.63818359375,0.9836591167649188,4083.084941078507,2888.1827392578125,86.77425025281254,69.45198072967811,"[""target_history"",""temperature"",""humidity"",""dew_point"",""cloud_type"",""solar_zenith"",""pressure"",""wind_direction"",""wind_speed"",""cal_hour"",""cal_dayofweek"",""cal_month""]",965,/content/drive/MyDrive/SpikeLoRA_TS_R2_results/checkpoints/E3/E3_base_WS_canonical_seed1_1c553ec25a0e.pt,boundary_analysis,/content/drive/MyDrive/SpikeLoRA_TS_R2_results/predictions/E3/WS_to_WP_spikelora_seed1_frac0.1_SpikeLoRA-TS-R2-corrected-v1.npz,69.57556008840538,57.58836229186058
SpikeLoRA-TS-R2-corrected-v1,2026-07-20,1c553ec25a0e,WP,1,LV ActivePower (kW),date,10,96,960,"[1,2,4,8,24]","[10,20,40,80,240]",12,"[""target_history"",""temperature"",""humidity"",""dew_point"",""cloud_type"",""solar_zenith"",""pressure"",""wind_direction"",""wind_speed"",""cal_hour"",""cal_dayofweek"",""cal_month""]",0,768521f386057b400c9eb5e5d45c124a0c4b5129e0f13d8ff4350099d14e5870,cuda,2.11.0+cu128,WS,WP,fullft,0.2,1,0.5996517835179483,8,9.652517017999344,430.693359375,1787.453125,75269,75269,0.2930173873901367,0.2871284484863281,1.0,1218.9207228323598,928.5096363180857,95.1428824916716,1201.854208437461,897.4193384397583,93.8033942441502,1201.5426648963476,901.6345250382888,93.83621142228796,1207.9212578526992,911.6280461965372,94.12771495413868,1217.4605832919617,930.7517995302724,94.94882641759638,1264.6724049348556,1001.1144723855718,98.99826542018472,0.05,2393,0.97664701623746,3890.016399993092,0.9806598407281,3916.99660349992,2720.0571899414062,0.9796256076119556,3905.162862773173,2698.12939453125,0.9786947978074256,3906.451833502658,2692.6551513671875,0.9814872272210156,3934.9908062521313,2712.1696166992188,0.9627676078188024,3786.479893937576,2577.6925048828125,86.77425025281254,,"[""target_history"",""temperature"",""humidity"",""dew_point"",""cloud_type"",""solar_zenith"",""pressure"",""wind_direction"",""wind_speed"",""cal_hour"",""cal_dayofweek"",""cal_month""]",1929,/content/drive/MyDrive/SpikeLoRA_TS_R2_results/checkpoints/E3/E3_base_WS_canonical_seed1_1c553ec25a0e.pt,boundary_analysis,/content/drive/MyDrive/SpikeLoRA_TS_R2_results/predictions/E3/WS_to_WP_fullft_seed1_frac0.2_SpikeLoRA-TS-R2-corrected-v1.npz,,
SpikeLoRA-TS-R2-corrected-v1,2026-07-20,1c553ec25a0e,WP,1,LV ActivePower (kW),date,10,96,960,"[1,2,4,8,24]","[10,20,40,80,240]",12,"[""target_history"",""temperature"",""humidity"",""dew_point"",""cloud_type"",""solar_zenith"",""pressure"",""wind_direction"",""wind_speed"",""cal_hour"",""cal_dayofweek"",""cal_month""]",0,768521f386057b400c9eb5e5d45c124a0c4b5129e0f13d8ff4350099d14e5870,cuda,2.11.0+cu128,WS,WP,lora,0.2,20,0.4719403602067666,25,24.18225139300193,433.15625,1787.46875,76429,1160,0.2989263534545898,0.004425048828125,0.0151774849860654,1025.8616507983782,772.9066064039027,87.71417884939964,990.6102752817532,732.8495911698711,86.19351708009863,995.5633117496604,738.682712000619,86.42109518964031,1006.985007495073,751.6376020269959,86.98704381355871,1026.3825554601112,772.6328299981335,87.50997333478907,1105.4526910842656,868.7302968238944,91.45926482891154,0.05,2393,0.9864722308408316,4068.7504488763625,0.9871755093598096,4055.263188100845,2636.9208984375,0.9861412762436652,4039.987381156616,2617.6568603515625,0.9868652394249664,4083.226160535301,2646.795654296875,0.9862446995552796,4094.10010595082,2636.6435546875,0.9859344296204364,4071.1754086382302,2613.57421875,86.77425025281254,,"[""target_history"",""temperature"",""humidity"",""dew_point"",""cloud_type"",""solar_zenith"",""pressure"",""wind_direction"",""wind_speed"",""cal_hour"",""cal_dayofweek"",""cal_month""]",1929,/content/drive/MyDrive/SpikeLoRA_TS_R2_results/checkpoints/E3/E3_base_WS_canonical_seed1_1c553ec25a0e.pt,boundary_analysis,/content/drive/MyDrive/SpikeLoRA_TS_R2_results/predictions/E3/WS_to_WP_lora_seed1_frac0.2_SpikeLoRA-TS-R2-corrected-v1.npz,,
SpikeLoRA-TS-R2-corrected-v1,2026-07-20,1c553ec25a0e,WP,1,LV ActivePower (kW),date,10,96,960,"[1,2,4,8,24]","[10,20,40,80,240]",12,"[""target_history"",""temperature"",""humidity"",""dew_point"",""cloud_type"",""solar_zenith"",""pressure"",""wind_direction"",""wind_speed"",""cal_hour"",""cal_dayofweek"",""cal_month""]",0,768521f386057b400c9eb5e5d45c124a0c4b5129e0f13d8ff4350099d14e5870,cuda,2.11.0+cu128,WS,WP,spikelora,0.2,12,0.5354828149067823,19,23.511929865999264,445.64453125,1787.46875,76429,1160,0.2989873886108398,0.004425048828125,0.0151774849860654,1029.4903148244414,773.275423088709,87.23991564840479,1001.5913895823916,737.1639570819517,85.4970283792928,1003.3182291184954,741.082693584654,85.67715785024298,1006.798036859278,747.5457887332927,86.31535111111937,1018.66873655945,766.9265776738865,87.17604154944605,1112.6951420547568,873.6580983697597,91.53399935192276,0.05,2393,0.9818802358051504,4025.7868799537646,0.9823146137139313,4036.33262027808,2593.2886962890625,0.9812803805977868,4019.311384014241,2576.0272216796875,0.9803495707932568,3990.687798863323,2556.4464721679688,0.98252146033716,4015.582145537052,2571.6064453125,0.9829351535836176,4067.020451076128,2618.3395385742188,86.77425025281254,72.51494840029726,"[""target_history"",""temperature"",""humidity"",""dew_point"",""cloud_type"",""solar_zenith"",""pressure"",""wind_direction"",""wind_speed"",""cal_hour"",""cal_dayofweek"",""cal_month""]",1929,/content/drive/MyDrive/SpikeLoRA_TS_R2_results/checkpoints/E3/E3_base_WS_canonical_seed1_1c553ec25a0e.pt,boundary_analysis,/content/drive/MyDrive/SpikeLoRA_TS_R2_results/predictions/E3/WS_to_WP_spikelora_seed1_frac0.2_SpikeLoRA-TS-R2-corrected-v1.npz,72.57648409758852,66.60752146033715
SpikeLoRA-TS-R2-corrected-v1,2026-07-20,1c553ec25a0e,WP,1,LV ActivePower (kW),date,10,96,960,"[1,2,4,8,24]","[10,20,40,80,240]",12,"[""target_history"",""temperature"",""humidity"",""dew_point"",""cloud_type"",""solar_zenith"",""pressure"",""wind_direction"",""wind_speed"",""cal_hour"",""cal_dayofweek"",""cal_month""]",0,768521f386057b400c9eb5e5d45c124a0c4b5129e0f13d8ff4350099d14e5870,cuda,2.11.0+cu128,WS,WP,fullft,0.5,3,0.5201419633250828,10,24.552631061000284,430.693359375,1787.4765625,75269,75269,0.2930173873901367,0.2871284484863281,1.0,1020.771724697528,794.450619297578,89.03551385991958,989.9243213117716,757.3598916241864,87.7467945979623,992.327965811242,760.6919662849599,87.9557321600412,1001.7706016596632,771.5106615647866,88.4645674882692,1019.7273742552948,794.6240873258872,89.37974408851755,1096.2761330518051,888.0664896880696,91.63073096480755,0.05,2393,0.9738132174992244,3701.733850358992,0.9746612886544628,3700.390344158745,2403.09814453125,0.9734202089150896,3700.117617940197,2386.09033203125,0.9703175095666564,3659.155628311263,2338.8026123046875,0.9726962457337884,3702.101860896201,2340.442321777344,0.9779708346261248,3746.9038004885538,2308.8134765625,86.77425025281254,,"[""target_history"",""temperature"",""humidity"",""dew_point"",""cloud_type"",""solar_zenith"",""pressure"",""wind_direction"",""wind_speed"",""cal_hour"",""cal_dayofweek"",""cal_month""]",4822,/content/drive/MyDrive/SpikeLoRA_TS_R2_results/checkpoints/E3/E3_base_WS_canonical_seed1_1c553ec25a0e.pt,boundary_analysis,/content/drive/MyDrive/SpikeLoRA_TS_R2_results/predictions/E3/WS_to_WP_fullft_seed1_frac0.5_SpikeLoRA-TS-R2-corrected-v1.npz,,
SpikeLoRA-TS-R2-corrected-v1,2026-07-20,1c553ec25a0e,WP,1,LV ActivePower (kW),date,10,96,960,"[1,2,4,8,24]","[10,20,40,80,240]",12,"[""target_history"",""temperature"",""humidity"",""dew_point"",""cloud_type"",""solar_zenith"",""pressure"",""wind_direction"",""wind_speed"",""cal_hour"",""cal_dayofweek"",""cal_month""]",0,768521f386057b400c9eb5e5d45c124a0c4b5129e0f13d8ff4350099d14e5870,cuda,2.11.0+cu128,WS,WP,lora,0.5,24,0.4466102179054231,25,45.62332949700067,433.15625,1787.4765625,76429,1160,0.2989263534545898,0.004425048828125,0.0151774849860654,997.018853709754,745.5763674627232,83.88712413688698,956.1093848226454,704.0209683946844,82.44483670809993,958.4819301017424,706.0900878211879,82.74209415448331,974.370447528234,718.9787184379626,83.22096179472165,1005.1428023772812,750.1013576418011,83.97269313012072,1085.214441941701,848.6907050179799,87.0550348970093,0.05,2393,0.9418140448857172,3333.070445790075,0.9414624056262282,3228.860228501132,1899.1821899414065,0.9384631295894096,3202.361301959861,1882.802001953125,0.9420829454959148,3304.5988289973816,1947.703125,0.9426000620539868,3370.240377131237,1978.0775146484373,0.9444616816630468,3559.291492360765,2086.751953125,86.77425025281254,,"[""target_history"",""temperature"",""humidity"",""dew_point"",""cloud_type"",""solar_zenith"",""pressure"",""wind_direction"",""wind_speed"",""cal_hour"",""cal_dayofweek"",""cal_month""]",4822,/content/drive/MyDrive/SpikeLoRA_TS_R2_results/checkpoints/E3/E3_base_WS_canonical_seed1_1c553ec25a0e.pt,boundary_analysis,/content/drive/MyDrive/SpikeLoRA_TS_R2_results/predictions/E3/WS_to_WP_lora_seed1_frac0.5_SpikeLoRA-TS-R2-corrected-v1.npz,,
SpikeLoRA-TS-R2-corrected-v1,2026-07-20,1c553ec25a0e,WP,1,LV ActivePower (kW),date,10,96,960,"[1,2,4,8,24]","[10,20,40,80,240]",12,"[""target_history"",""temperature"",""humidity"",""dew_point"",""cloud_type"",""solar_zenith"",""pressure"",""wind_direction"",""wind_speed"",""cal_hour"",""cal_dayofweek"",""cal_month""]",0,768521f386057b400c9eb5e5d45c124a0c4b5129e0f13d8ff4350099d14e5870,cuda,2.11.0+cu128,WS,WP,spikelora,0.5,19,0.4570746184192439,25,57.81132070500098,445.64453125,1787.4765625,76429,1160,0.2989873886108398,0.004425048828125,0.0151774849860654,1017.4434409101736,752.7577432258236,84.97243860860877,970.7806538971374,700.6981664821914,83.25407992597778,976.5716918821696,707.0305839346834,83.83194711137786,989.5589358785272,721.3650068803267,84.11402768151075,1011.4457101631348,754.327904455343,85.02823824794503,1130.3093017863127,880.3670543765736,88.63390007623246,0.05,2393,0.9253697383390216,3191.381122860784,0.924397559209846,3021.3797002372776,1781.40771484375,0.9211914365497984,3025.2415628949075,1780.828857421875,0.9235701727169304,3116.6671639179194,1825.408935546875,0.925845485572448,3210.875055284507,1861.8372192382808,0.9318440376460856,3582.742131969307,2079.8228759765625,86.77425025281254,62.62907922332292,"[""target_history"",""temperature"",""humidity"",""dew_point"",""cloud_type"",""solar_zenith"",""pressure"",""wind_direction"",""wind_speed"",""cal_hour"",""cal_dayofweek"",""cal_month""]",4822,/content/drive/MyDrive/SpikeLoRA_TS_R2_results/checkpoints/E3/E3_base_WS_canonical_seed1_1c553ec25a0e.pt,boundary_analysis,/content/drive/MyDrive/SpikeLoRA_TS_R2_results/predictions/E3/WS_to_WP_spikelora_seed1_frac0.5_SpikeLoRA-TS-R2-corrected-v1.npz,62.51849971019927,73.24471248319371
SpikeLoRA-TS-R2-corrected-v1,2026-07-20,1c553ec25a0e,WP,2,LV ActivePower (kW),date,10,96,960,"[1,2,4,8,24]","[10,20,40,80,240]",12,"[""target_history"",""temperature"",""humidity"",""dew_point"",""cloud_type"",""solar_zenith"",""pressure"",""wind_direction"",""wind_speed"",""cal_hour"",""cal_dayofweek"",""cal_month""]",0,768521f386057b400c9eb5e5d45c124a0c4b5129e0f13d8ff4350099d14e5870,cuda,2.11.0+cu128,WS,WP,fullft,0.1,1,0.6640407045765298,8,5.771493044001545,430.693359375,1787.4765625,75269,75269,0.2930173873901367,0.2871284484863281,1.0,1279.167470054162,953.2698396501848,97.54074546756716,1263.3239973430916,931.782822515346,95.95868707259726,1265.1954708279648,936.8213802270182,96.13402397289424,1275.0623028257771,941.4630976988716,96.71752130764573,1286.074552372267,959.3229561700288,97.73905688427968,1305.7060734370518,996.9589416396594,101.15443810041891,0.05,2393,0.976833178198366,3920.274935922239,0.974040748784776,3954.1463661111,2806.648803710937,0.9746612886544628,3958.156601704909,2808.958312988281,0.977557141379667,3981.030330704119,2838.13232421875,0.9787982211190402,3964.047271952608,2840.4666748046875,0.9791084910538836,3743.9941091384594,2758.7872314453125,86.77425025281254,,"[""target_history"",""temperature"",""humidity"",""dew_point"",""cloud_type"",""solar_zenith"",""pressure"",""wind_direction"",""wind_speed"",""cal_hour"",""cal_dayofweek"",""cal_month""]",965,/content/drive/MyDrive/SpikeLoRA_TS_R2_results/checkpoints/E3/E3_base_WS_canonical_seed2_1c553ec25a0e.pt,boundary_analysis,/content/drive/MyDrive/SpikeLoRA_TS_R2_results/predictions/E3/WS_to_WP_fullft_seed2_frac0.1_SpikeLoRA-TS-R2-corrected-v1.npz,,
SpikeLoRA-TS-R2-corrected-v1,2026-07-20,1c553ec25a0e,WP,2,LV ActivePower (kW),date,10,96,960,"[1,2,4,8,24]","[10,20,40,80,240]",12,"[""target_history"",""temperature"",""humidity"",""dew_point"",""cloud_type"",""solar_zenith"",""pressure"",""wind_direction"",""wind_speed"",""cal_hour"",""cal_dayofweek"",""cal_month""]",0,768521f386057b400c9eb5e5d45c124a0c4b5129e0f13d8ff4350099d14e5870,cuda,2.11.0+cu128,WS,WP,lora,0.1,4,0.6219318828670439,11,7.374448433998623,433.15625,1787.484375,76429,1160,0.2989263534545898,0.004425048828125,0.0151774849860654,1288.0375188199932,966.5574081820162,98.01513888967138,1256.79755631288,940.478667294428,95.24849737700106,1257.940000843828,945.8420642328456,95.3818715492229,1270.491617828994,952.837514484566,96.04780539583166,1299.5123215214696,971.7454405305352,97.80267073488798,1352.9112614665355,1021.8833543677058,105.59484939141328,0.05,2393,0.9859137449581136,4122.293957481656,0.9873823559830386,4132.134180592707,2877.01318359375,0.9880028958527252,4135.904601747783,2869.582092285156,0.9865549694901232,4126.498875555547,2875.8113403320312,0.9871755093598096,4166.972379240407,2953.09375,0.9804529941048712,4049.95975027184,2953.652709960937,86.77425025281254,,"[""target_history"",""temperature"",""humidity"",""dew_point"",""cloud_type"",""solar_zenith"",""pressure"",""wind_direction"",""wind_speed"",""cal_hour"",""cal_dayofweek"",""cal_month""]",965,/content/drive/MyDrive/SpikeLoRA_TS_R2_results/checkpoints/E3/E3_base_WS_canonical_seed2_1c553ec25a0e.pt,boundary_analysis,/content/drive/MyDrive/SpikeLoRA_TS_R2_results/predictions/E3/WS_to_WP_lora_seed2_frac0.1_SpikeLoRA-TS-R2-corrected-v1.npz,,
SpikeLoRA-TS-R2-corrected-v1,2026-07-20,1c553ec25a0e,WP,2,LV ActivePower (kW),date,10,96,960,"[1,2,4,8,24]","[10,20,40,80,240]",12,"[""target_history"",""temperature"",""humidity"",""dew_point"",""cloud_type"",""solar_zenith"",""pressure"",""wind_direction"",""wind_speed"",""cal_hour"",""cal_dayofweek"",""cal_month""]",0,768521f386057b400c9eb5e5d45c124a0c4b5129e0f13d8ff4350099d14e5870,cuda,2.11.0+cu128,WS,WP,spikelora,0.1,4,0.6319419192909148,11,9.43679796699871,445.64453125,1787.484375,76429,1160,0.2989873886108398,0.004425048828125,0.0151774849860654,1332.868697164407,993.477779307076,99.7638990353483,1328.2589455236152,978.3958328346492,99.00863944381844,1327.618758746978,978.9366954456676,99.15671995522018,1331.8971367779732,982.6729589942224,99.9171557054734,1339.9824395578134,991.6304093030582,100.54012567706285,1336.543490943214,1035.7529999577823,100.1968543951666,0.05,2393,0.9798117695728618,4308.517241910863,0.9770400248215948,4310.57311776264,3041.6994018554688,0.9781776812493536,4321.387297305711,3053.008178710937,0.9790050677422693,4325.485635591547,3066.6646118164062,0.9821077670907022,4327.989319554652,3079.54345703125,0.9827283069603888,4257.150839339764,2915.644775390625,86.77425025281254,63.36794782293929,"[""target_history"",""temperature"",""humidity"",""dew_point"",""cloud_type"",""solar_zenith"",""pressure"",""wind_direction"",""wind_speed"",""cal_hour"",""cal_dayofweek"",""cal_month""]",965,/content/drive/MyDrive/SpikeLoRA_TS_R2_results/checkpoints/E3/E3_base_WS_canonical_seed2_1c553ec25a0e.pt,boundary_analysis,/content/drive/MyDrive/SpikeLoRA_TS_R2_results/predictions/E3/WS_to_WP_spikelora_seed2_frac0.1_SpikeLoRA-TS-R2-corrected-v1.npz,63.39751874278191,60.529139518047366
SpikeLoRA-TS-R2-corrected-v1,2026-07-20,1c553ec25a0e,WP,2,LV ActivePower (kW),date,10,96,960,"[1,2,4,8,24]","[10,20,40,80,240]",12,"[""target_history"",""temperature"",""humidity"",""dew_point"",""cloud_type"",""solar_zenith"",""pressure"",""wind_direction"",""wind_speed"",""cal_hour"",""cal_dayofweek"",""cal_month""]",0,768521f386057b400c9eb5e5d45c124a0c4b5129e0f13d8ff4350099d14e5870,cuda,2.11.0+cu128,WS,WP,fullft,0.2,6,0.5286163597290255,13,15.358925862998149,430.693359375,1787.484375,75269,75269,0.2930173873901367,0.2871284484863281,1.0,987.508238054116,719.923023361094,84.56448217990356,944.2034253466734,673.5425277490604,82.49405975948484,951.1843413896996,680.4071580028939,82.86405199929463,963.3603441850652,693.3539560641309,83.56412466033467,989.892787384942,720.7435131414265,84.75063724874526,1082.4231880910902,831.5679618479585,89.1495372316585,0.05,2393,0.9683731513083048,3702.843666192021,0.9653531906091634,3627.453349748754,2301.746459960937,0.9684558899575963,3687.4021634346377,2352.5694580078125,0.9673182335298376,3664.430242724866,2335.417724609375,0.969076429827283,3744.029438551807,2407.7344970703125,0.971662012617644,3790.903136500036,2431.359375,86.77425025281254,,"[""target_history"",""temperature"",""humidity"",""dew_point"",""cloud_type"",""solar_zenith"",""pressure"",""wind_direction"",""wind_speed"",""cal_hour"",""cal_dayofweek"",""cal_month""]",1929,/content/drive/MyDrive/SpikeLoRA_TS_R2_results/checkpoints/E3/E3_base_WS_canonical_seed2_1c553ec25a0e.pt,boundary_analysis,/content/drive/MyDrive/SpikeLoRA_TS_R2_results/predictions/E3/WS_to_WP_fullft_seed2_frac0.2_SpikeLoRA-TS-R2-corrected-v1.npz,,
SpikeLoRA-TS-R2-corrected-v1,2026-07-20,1c553ec25a0e,WP,2,LV ActivePower (kW),date,10,96,960,"[1,2,4,8,24]","[10,20,40,80,240]",12,"[""target_history"",""temperature"",""humidity"",""dew_point"",""cloud_type"",""solar_zenith"",""pressure"",""wind_direction"",""wind_speed"",""cal_hour"",""cal_dayofweek"",""cal_month""]",0,768521f386057b400c9eb5e5d45c124a0c4b5129e0f13d8ff4350099d14e5870,cuda,2.11.0+cu128,WS,WP,lora,0.2,6,0.5615795593205924,13,12.491813451997588,433.15625,1787.484375,76429,1160,0.2989263534545898,0.004425048828125,0.0151774849860654,1150.6858342836465,913.0528614687664,92.46087138141851,1124.1022445736014,883.4244286606903,91.5836237093515,1128.0501080021145,888.6752266185041,91.78267974246008,1138.3769417638853,901.3321428858196,91.94679123978352,1160.0558447378205,918.8041319531976,92.45230970948587,1201.1057069368164,973.0283772256212,94.5389525060116,0.05,2393,0.9762953769779708,3731.1295536241287,0.978281104560968,3766.493818923204,2453.5455322265625,0.9756955217706073,3738.1818219882302,2426.6512451171875,0.977350294756438,3748.63282865358,2447.0341796875,0.978487951184197,3778.603933825341,2494.506591796875,0.971662012617644,3623.735364730288,2368.923583984375,86.77425025281254,,"[""target_history"",""temperature"",""humidity"",""dew_point"",""cloud_type"",""solar_zenith"",""pressure"",""wind_direction"",""wind_speed"",""cal_hour"",""cal_dayofweek"",""cal_month""]",1929,/content/drive/MyDrive/SpikeLoRA_TS_R2_results/checkpoints/E3/E3_base_WS_canonical_seed2_1c553ec25a0e.pt,boundary_analysis,/content/drive/MyDrive/SpikeLoRA_TS_R2_results/predictions/E3/WS_to_WP_lora_seed2_frac0.2_SpikeLoRA-TS-R2-corrected-v1.npz,,
SpikeLoRA-TS-R2-corrected-v1,2026-07-20,1c553ec25a0e,WP,2,LV ActivePower (kW),date,10,96,960,"[1,2,4,8,24]","[10,20,40,80,240]",12,"[""target_history"",""temperature"",""humidity"",""dew_point"",""cloud_type"",""solar_zenith"",""pressure"",""wind_direction"",""wind_speed"",""cal_hour"",""cal_dayofweek"",""cal_month""]",0,768521f386057b400c9eb5e5d45c124a0c4b5129e0f13d8ff4350099d14e5870,cuda,2.11.0+cu128,WS,WP,spikelora,0.2,9,0.5563831177905569,16,20.13926094899944,445.64453125,1787.484375,76429,1160,0.2989873886108398,0.004425048828125,0.0151774849860654,1201.2543748007788,938.607493926658,96.4373552548907,1183.0983723202855,920.2882268631244,95.27022206659892,1184.9177220106974,918.2908126479136,95.3125921180635,1201.1003033905688,932.6962647784742,96.19254632446118,1213.1456437127915,944.1017745985882,97.33934175267312,1223.4967538591504,977.6603907451891,98.07207401265676,0.05,2393,0.9799979315337676,3976.8472357645487,0.9785913744958114,3964.552946618775,2652.83984375,0.980142724170028,3991.230802407592,2662.532470703125,0.9835556934533044,4070.081193883511,2705.04638671875,0.9796256076119556,3989.310155887665,2650.217102050781,0.9780742579377392,3869.061080025201,2524.079833984375,86.77425025281254,55.24953772711813,"[""target_history"",""temperature"",""humidity"",""dew_point"",""cloud_type"",""solar_zenith"",""pressure"",""wind_direction"",""wind_speed"",""cal_hour"",""cal_dayofweek"",""cal_month""]",1929,/content/drive/MyDrive/SpikeLoRA_TS_R2_results/checkpoints/E3/E3_base_WS_canonical_seed2_1c553ec25a0e.pt,boundary_analysis,/content/drive/MyDrive/SpikeLoRA_TS_R2_results/predictions/E3/WS_to_WP_spikelora_seed2_frac0.2_SpikeLoRA-TS-R2-corrected-v1.npz,55.26489127355035,53.775597269624576
SpikeLoRA-TS-R2-corrected-v1,2026-07-20,1c553ec25a0e,WP,2,LV ActivePower (kW),date,10,96,960,"[1,2,4,8,24]","[10,20,40,80,240]",12,"[""target_history"",""temperature"",""humidity"",""dew_point"",""cloud_type"",""solar_zenith"",""pressure"",""wind_direction"",""wind_speed"",""cal_hour"",""cal_dayofweek"",""cal_month""]",0,768521f386057b400c9eb5e5d45c124a0c4b5129e0f13d8ff4350099d14e5870,cuda,2.11.0+cu128,WS,WP,fullft,0.5,9,0.4407569818600321,16,39.25498303800123,430.693359375,1787.484375,75269,75269,0.2930173873901367,0.2871284484863281,1.0,1016.601254989842,724.9838904317378,83.17516766404226,965.7626414757708,674.1450971366085,81.17294153418368,974.3627044046474,681.1786285472984,81.56969146388647,992.759589950916,700.0974418978642,82.37030486691681,1023.1766091619654,732.0913205747953,83.52015679563108,1119.3071168602146,837.4069640021225,87.24274365959326,0.05,2393,0.9339331885406972,3310.874256037689,0.9345330437480608,3194.583231185138,1900.94775390625,0.9360843934222772,3221.2541970270645,1920.114013671875,0.933395387320302,3229.341203914259,1921.482666015625,0.9331885406970732,3319.907191351609,1979.239013671875,0.932464577515772,3589.285456710375,2151.91015625,86.77425025281254,,"[""target_history"",""temperature"",""humidity"",""dew_point"",""cloud_type"",""solar_zenith"",""pressure"",""wind_direction"",""wind_speed"",""cal_hour"",""cal_dayofweek"",""cal_month""]",4822,/content/drive/MyDrive/SpikeLoRA_TS_R2_results/checkpoints/E3/E3_base_WS_canonical_seed2_1c553ec25a0e.pt,boundary_analysis,/content/drive/MyDrive/SpikeLoRA_TS_R2_results/predictions/E3/WS_to_WP_fullft_seed2_frac0.5_SpikeLoRA-TS-R2-corrected-v1.npz,,
SpikeLoRA-TS-R2-corrected-v1,2026-07-20,1c553ec25a0e,WP,2,LV ActivePower (kW),date,10,96,960,"[1,2,4,8,24]","[10,20,40,80,240]",12,"[""target_history"",""temperature"",""humidity"",""dew_point"",""cloud_type"",""solar_zenith"",""pressure"",""wind_direction"",""wind_speed"",""cal_hour"",""cal_dayofweek"",""cal_month""]",0,768521f386057b400c9eb5e5d45c124a0c4b5129e0f13d8ff4350099d14e5870,cuda,2.11.0+cu128,WS,WP,lora,0.5,12,0.4580303893346344,19,34.47108836899861,433.15625,1787.4921875,76429,1160,0.2989263534545898,0.004425048828125,0.0151774849860654,1028.7957667831197,770.9324044614534,84.9620032402375,973.3780369137664,725.0319356591863,83.51473908765176,987.7354974299392,735.2896572850411,83.73517839913825,998.9442096763704,747.7334661196745,84.53363483496098,1031.401179401276,775.2713025951474,84.88725562203595,1143.3894814142618,871.3356606482178,88.13920825740055,0.05,2393,0.938711345537284,3406.5807928328554,0.9381528596545662,3182.9405664532146,1874.517578125,0.938359706277795,3233.6522645854643,1900.8687133789065,0.9371186265384216,3289.155345841393,1931.7935791015625,0.9463233012721068,3570.847698145784,2101.6876220703125,0.9336022339435308,3756.308089138421,2204.044860839844,86.77425025281254,,"[""target_history"",""temperature"",""humidity"",""dew_point"",""cloud_type"",""solar_zenith"",""pressure"",""wind_direction"",""wind_speed"",""cal_hour"",""cal_dayofweek"",""cal_month""]",4822,/content/drive/MyDrive/SpikeLoRA_TS_R2_results/checkpoints/E3/E3_base_WS_canonical_seed2_1c553ec25a0e.pt,boundary_analysis,/content/drive/MyDrive/SpikeLoRA_TS_R2_results/predictions/E3/WS_to_WP_lora_seed2_frac0.5_SpikeLoRA-TS-R2-corrected-v1.npz,,
SpikeLoRA-TS-R2-corrected-v1,2026-07-20,1c553ec25a0e,WP,2,LV ActivePower (kW),date,10,96,960,"[1,2,4,8,24]","[10,20,40,80,240]",12,"[""target_history"",""temperature"",""humidity"",""dew_point"",""cloud_type"",""solar_zenith"",""pressure"",""wind_direction"",""wind_speed"",""cal_hour"",""cal_dayofweek"",""cal_month""]",0,768521f386057b400c9eb5e5d45c124a0c4b5129e0f13d8ff4350099d14e5870,cuda,2.11.0+cu128,WS,WP,spikelora,0.5,10,0.46535161081538057,17,39.18086886899982,445.64453125,1787.4921875,76429,1160,0.29898738861083984,0.004425048828125,0.015177484986065498,1003.9630919317386,758.7318711382907,85.31799167104028,973.6410885006096,728.9676315460695,83.89424031165848,977.820220102027,732.7421056716072,84.18424920930173,989.235757743716,738.8142508422839,84.6666813772394,1002.7961872468164,753.0787561321741,85.01313858253643,1073.0389183031148,840.0566114993188,88.83164887446536,0.05,2393,0.9322163615678974,3236.458478375943,0.9252249457027614,3084.747078846943,1790.8536987304688,0.9290516082324956,3121.8431732370263,1817.125244140625,0.9301892646602544,3176.8361853839124,1858.001708984375,0.9330851173854586,3293.8863832428583,1929.8446044921875,0.9435308718585169,3504.9795711689744,2063.5836181640625,86.77425025281254,49.94217590652665,"[""target_history"",""temperature"",""humidity"",""dew_point"",""cloud_type"",""solar_zenith"",""pressure"",""wind_direction"",""wind_speed"",""cal_hour"",""cal_dayofweek"",""cal_month""]",4822,/content/drive/MyDrive/SpikeLoRA_TS_R2_results/checkpoints/E3/E3_base_WS_canonical_seed2_1c553ec25a0e.pt,boundary_analysis,/content/drive/MyDrive/SpikeLoRA_TS_R2_results/predictions/E3/WS_to_WP_spikelora_seed2_frac0.5_SpikeLoRA-TS-R2-corrected-v1.npz,49.968289577731234,47.43526347088634
